ID,First Name,Last Name,Age,AccountID,Register Time
9921045754106,Jane,Smith,59,6667399744225,2023-09-13 00:04:59
2456947228099,William,Wilson,41,8147812202247,2023-09-13 00:04:59
8670138705487,Michael,Wilson,54,4736838315782,2023-09-13 00:04:59
0046156151834,Jane,Brown,50,4137838823818,2023-09-13 00:04:59
2169582481611,Emma,Johnson,53,2406165208232,2023-09-13 00:04:59
2169582481611,Emma,Johnson,53,2406165208232,2023-09-13 00:04:59
5337411655966,Emma,Davis,49,2896175816340,2023-09-13 00:04:59
5337411655966,Emma,Davis,49,2896175816340,2023-09-13 00:04:59
5337411655966,Emma,Davis,49,2896175816340,2023-09-13 00:04:59
5337411655966,Emma,Davis,49,2896175816340,2023-09-13 00:04:59
0649912312354,Jane,Wilson,18,8587161939805,2023-09-13 00:04:59
0649912312354,Jane,Wilson,18,8587161939805,2023-09-13 00:04:59
6861113000951,Jane,Wilson,31,4196977272362,2023-09-13 00:04:59
6861113000951,Jane,Wilson,31,4196977272362,2023-09-13 00:04:59
6861113000951,Jane,Wilson,31,4196977272362,2023-09-13 00:04:59
8239121564108,Emma,Brown,29,2587188880478,2023-09-13 00:04:59
8239121564108,Emma,Brown,29,2587188880478,2023-09-13 00:04:59
8239121564108,Emma,Brown,29,2587188880478,2023-09-13 00:04:59
4451622053794,Jane,Brown,41,8266993903913,2023-09-13 00:04:59
4451622053794,Jane,Brown,41,8266993903913,2023-09-13 00:04:59
4451622053794,Jane,Brown,41,8266993903913,2023-09-13 00:04:59
5081183742722,William,Johnson,54,3803968072594,2023-09-13 00:04:59
5081183742722,William,Johnson,54,3803968072594,2023-09-13 00:04:59
0842787537828,William,Wilson,38,8946232866474,2023-09-13 00:04:59
0842787537828,William,Wilson,38,8946232866474,2023-09-13 00:04:59
6053188215216,Michael,Wilson,51,5735248109131,2023-09-13 00:04:59
8176724555293,Jane,Davis,54,5004275663655,2023-09-13 00:04:59
8176724555293,Jane,Davis,54,5004275663655,2023-09-13 00:04:59
8176724555293,Jane,Davis,54,5004275663655,2023-09-13 00:04:59
7253687244820,Emma,Wilson,41,8194798213541,2023-09-13 00:04:59
7253687244820,Emma,Wilson,41,8194798213541,2023-09-13 00:04:59
2465888930417,Emma,Wilson,54,4785584556106,2023-09-13 00:04:59
2465888930417,Emma,Wilson,54,4785584556106,2023-09-13 00:04:59
2465888930417,Emma,Wilson,54,4785584556106,2023-09-13 00:04:59
4687414060295,John,Davis,55,4254712901742,2023-09-13 00:04:59
4687414060295,John,Davis,55,4254712901742,2023-09-13 00:04:59
0155398962260,John,Brown,19,7875500287679,2023-09-13 00:04:59
0155398962260,John,Brown,19,7875500287679,2023-09-13 00:04:59
0155398962260,John,Brown,19,7875500287679,2023-09-13 00:04:59
8489124771535,Michael,Johnson,33,4933544975850,2023-09-13 00:04:59
8489124771535,Michael,Johnson,33,4933544975850,2023-09-13 00:04:59
0657853125782,William,Wilson,31,4344753583866,2023-09-13 00:04:59
0657853125782,William,Wilson,31,4344753583866,2023-09-13 00:04:59
5036892591949,William,Johnson,26,2535855091992,2023-09-13 00:04:59
5036892591949,William,Johnson,26,2535855091992,2023-09-13 00:04:59
5036892591949,William,Johnson,26,2535855091992,2023-09-13 00:04:59
7482600046395,Jane,Johnson,22,1045044609808,2023-09-13 00:04:59
7482600046395,Jane,Johnson,22,1045044609808,2023-09-13 00:04:59
7482600046395,Jane,Johnson,22,1045044609808,2023-09-13 00:04:59
6569564854922,John,Brown,51,4004565257994,2023-09-13 00:04:59
6569564854922,John,Brown,51,4004565257994,2023-09-13 00:04:59
6569564854922,John,Brown,51,4004565257994,2023-09-13 00:04:59
1547562306150,William,Johnson,27,3783399429867,2023-09-13 00:04:59
1547562306150,William,Johnson,27,3783399429867,2023-09-13 00:04:59
7095466209815,Michael,Johnson,34,6304188715006,2023-09-13 00:04:59
7095466209815,Michael,Johnson,34,6304188715006,2023-09-13 00:04:59
7095466209815,Michael,Johnson,34,6304188715006,2023-09-13 00:04:59
9463294475262,Michael,Smith,31,4795497203012,2023-09-13 00:04:59
9463294475262,Michael,Smith,31,4795497203012,2023-09-13 00:04:59
8284765257421,John,Brown,22,9964838919636,2023-09-13 00:04:59
8284765257421,John,Brown,22,9964838919636,2023-09-13 00:04:59
4752549159496,Emma,Brown,28,4475626284563,2023-09-13 00:04:59
4752549159496,Emma,Brown,28,4475626284563,2023-09-13 00:04:59
4752549159496,Emma,Brown,28,4475626284563,2023-09-13 00:04:59
2019402950023,Michael,Davis,58,7564149034558,2023-09-13 00:04:59
2019402950023,Michael,Davis,58,7564149034558,2023-09-13 00:04:59
1186375978862,John,Wilson,45,1623660984744,2023-09-13 00:04:59
1186375978862,John,Wilson,45,1623660984744,2023-09-13 00:04:59
1186375978862,John,Wilson,45,1623660984744,2023-09-13 00:04:59
2499832100777,William,Johnson,25,2635245765121,2023-09-13 00:04:59
8713133688365,Michael,Johnson,38,8244161008686,2023-09-13 00:04:59
8713133688365,Michael,Johnson,38,8244161008686,2023-09-13 00:04:59
8713133688365,Michael,Johnson,38,8244161008686,2023-09-13 00:04:59
3944534365761,John,Johnson,50,5935977123123,2023-09-13 00:04:59
3944534365761,John,Johnson,50,5935977123123,2023-09-13 00:04:59
6067169385738,William,Smith,52,5304904577868,2023-09-13 00:04:59
6067169385738,William,Smith,52,5304904577868,2023-09-13 00:04:59
7943003401126,Jane,Davis,18,7751950809810,2023-09-13 00:04:59
7943003401126,Jane,Davis,18,7751950809810,2023-09-13 00:04:59
3757379537483,Jane,Davis,60,9474020429331,2023-09-13 00:04:59
3757379537483,Jane,Davis,60,9474020429331,2023-09-13 00:04:59
9969870216878,William,Davis,30,5183936542975,2023-09-13 00:04:59
9969870216878,William,Davis,30,5183936542975,2023-09-13 00:04:59
5180071792456,Michael,Brown,44,1774723685442,2023-09-13 00:04:59
5180071792456,Michael,Brown,44,1774723685442,2023-09-13 00:04:59
3250945790003,John,Smith,29,4843243534436,2023-09-13 00:04:59
3250945790003,John,Smith,29,4843243534436,2023-09-13 00:04:59
6616971146450,John,Brown,27,3253355043444,2023-09-13 00:04:59
6616971146450,John,Brown,27,3253355043444,2023-09-13 00:04:59
6616971146450,John,Brown,27,3253355043444,2023-09-13 00:04:59
7783837965078,Emma,Wilson,54,6244876990438,2023-09-13 00:04:59
7783837965078,Emma,Wilson,54,6244876990438,2023-09-13 00:04:59
7783837965078,Emma,Wilson,54,6244876990438,2023-09-13 00:04:59
7783837965078,Emma,Wilson,54,6244876990438,2023-09-13 00:04:59
9161653409345,Jane,Davis,52,5523077489466,2023-09-13 00:04:59
9161653409345,Jane,Davis,52,5523077489466,2023-09-13 00:04:59
9161653409345,Jane,Davis,52,5523077489466,2023-09-13 00:04:59
5373044197731,Jane,Brown,21,2114891511001,2023-09-13 00:04:59
3450910895559,William,Smith,49,4203314461197,2023-09-13 00:04:59
3450910895559,William,Smith,49,4203314461197,2023-09-13 00:04:59
3450910895559,William,Smith,49,4203314461197,2023-09-13 00:04:59
9664311672965,Michael,Davis,19,0092120584751,2023-09-13 00:04:59
9664311672965,Michael,Davis,19,0092120584751,2023-09-13 00:04:59
1020347048312,Jane,Davis,59,0203310192760,2023-09-13 00:04:59
1020347048312,Jane,Davis,59,0203310192760,2023-09-13 00:04:59
1020347048312,Jane,Davis,59,0203310192760,2023-09-13 00:04:59
0197211836938,John,Wilson,46,2372833942753,2023-09-13 00:04:59
0197211836938,John,Wilson,46,2372833942753,2023-09-13 00:04:59
0197211836938,John,Wilson,46,2372833942753,2023-09-13 00:04:59
2566029283205,Michael,Johnson,41,0774132558861,2023-09-13 00:04:59
2566029283205,Michael,Johnson,41,0774132558861,2023-09-13 00:04:59
1623983001834,Jane,Wilson,28,4863655308775,2023-09-13 00:04:59
1623983001834,Jane,Wilson,28,4863655308775,2023-09-13 00:04:59
0900858009670,William,Smith,56,7832976248761,2023-09-13 00:04:59
0900858009670,William,Smith,56,7832976248761,2023-09-13 00:04:59
0900858009670,William,Smith,56,7832976248761,2023-09-13 00:04:59
8478750911447,Emma,Smith,19,2463974523909,2023-09-13 00:04:59
7291222505894,Jane,Brown,55,7512415211401,2023-09-13 00:04:59
6604587618810,William,Wilson,35,8623918012889,2023-09-13 00:04:59
1243184856449,Michael,Wilson,60,8350462050562,2023-09-13 00:04:59
1243184856449,Michael,Wilson,60,8350462050562,2023-09-13 00:04:59
0193821114935,Jane,Smith,35,7391227985531,2023-09-13 00:04:59
0193821114935,Jane,Smith,35,7391227985531,2023-09-13 00:04:59
0193821114935,Jane,Smith,35,7391227985531,2023-09-13 00:04:59
2361860661191,John,Davis,30,7583436591447,2023-09-13 00:04:59
2361860661191,John,Davis,30,7583436591447,2023-09-13 00:04:59
2361860661191,John,Davis,30,7583436591447,2023-09-13 00:04:59
1528723689928,William,Wilson,60,9572959441533,2023-09-13 00:04:59
1528723689928,William,Wilson,60,9572959441533,2023-09-13 00:04:59
3795552833165,Emma,Davis,55,9083059959649,2023-09-13 00:04:59
3795552833165,Emma,Davis,55,9083059959649,2023-09-13 00:04:59
3795552833165,Emma,Davis,55,9083059959649,2023-09-13 00:04:59
9018953511672,Jane,Wilson,25,3672075262104,2023-09-13 00:04:59
9018953511672,Jane,Wilson,25,3672075262104,2023-09-13 00:04:59
9018953511672,Jane,Wilson,25,3672075262104,2023-09-13 00:04:59
4994953062781,William,Davis,43,2321709253079,2023-09-13 00:04:59
5507307096887,Michael,Smith,24,3322202255657,2023-09-13 00:04:59
5507307096887,Michael,Smith,24,3322202255657,2023-09-13 00:04:59
4674261094433,Jane,Johnson,54,6411705905640,2023-09-13 00:04:59
4674261094433,Jane,Johnson,54,6411705905640,2023-09-13 00:04:59
4674261094433,Jane,Johnson,54,6411705905640,2023-09-13 00:04:59
0898662772021,William,Johnson,23,2002511228107,2023-09-13 00:04:59
0898662772021,William,Johnson,23,2002511228107,2023-09-13 00:04:59
0898662772021,William,Johnson,23,2002511228107,2023-09-13 00:04:59
2264490947268,Emma,Wilson,19,2411821736213,2023-09-13 00:04:59
2264490947268,Emma,Wilson,19,2411821736213,2023-09-13 00:04:59
1321364947014,Michael,Smith,48,4581143684119,2023-09-13 00:04:59
1321364947014,Michael,Smith,48,4581143684119,2023-09-13 00:04:59
1321364947014,Michael,Smith,48,4581143684119,2023-09-13 00:04:59
3790392401161,Jane,Smith,44,4992343192225,2023-09-13 00:04:59
3790392401161,Jane,Smith,44,4992343192225,2023-09-13 00:04:59
9911573978749,William,Davis,57,0671169205780,2023-09-13 00:04:59
9911573978749,William,Davis,57,0671169205780,2023-09-13 00:04:59
1124109108536,Jane,Brown,58,0850397789406,2023-09-13 00:04:59
7346500896122,Jane,Brown,28,6731103804961,2023-09-13 00:04:59
7346500896122,Jane,Brown,28,6731103804961,2023-09-13 00:04:59
7346500896122,Jane,Brown,28,6731103804961,2023-09-13 00:04:59
9514339150369,Emma,Smith,26,4940482310977,2023-09-13 00:04:59
9514339150369,Emma,Smith,26,4940482310977,2023-09-13 00:04:59
3982367507636,Emma,Wilson,21,2351694929084,2023-09-13 00:04:59
3982367507636,Emma,Wilson,21,2351694929084,2023-09-13 00:04:59
3982367507636,Emma,Wilson,21,2351694929084,2023-09-13 00:04:59
3982367507636,Emma,Wilson,21,2351694929084,2023-09-13 00:04:59
6349186053872,Michael,Brown,19,2642703437192,2023-09-13 00:04:59
6349186053872,Michael,Brown,19,2642703437192,2023-09-13 00:04:59
6349186053872,Michael,Brown,19,2642703437192,2023-09-13 00:04:59
1573577539460,John,Brown,31,8422610770657,2023-09-13 00:04:59
1573577539460,John,Brown,31,8422610770657,2023-09-13 00:04:59
1573577539460,John,Brown,31,8422610770657,2023-09-13 00:04:59
0630440557017,William,Davis,59,0511130620642,2023-09-13 00:04:59
0630440557017,William,Davis,59,0511130620642,2023-09-13 00:04:59
0630440557017,William,Davis,59,0511130620642,2023-09-13 00:04:59
6841941234694,Jane,Wilson,29,6102947733107,2023-09-13 00:04:59
6841941234694,Jane,Wilson,29,6102947733107,2023-09-13 00:04:59
8220670480841,Jane,Johnson,26,6311236341113,2023-09-13 00:04:59
8220670480841,Jane,Johnson,26,6311236341113,2023-09-13 00:04:59
6805740838839,William,Davis,25,2548415813146,2023-09-13 00:04:59
6805740838839,William,Davis,25,2548415813146,2023-09-13 00:04:59
6454407496114,Emma,Johnson,40,3571072848195,2023-09-13 00:04:59
6454407496114,Emma,Johnson,40,3571072848195,2023-09-13 00:04:59
4721370297941,Jane,Brown,27,5560593698390,2023-09-13 00:04:59
4721370297941,Jane,Brown,27,5560593698390,2023-09-13 00:04:59
4721370297941,Jane,Brown,27,5560593698390,2023-09-13 00:04:59
3044916329979,John,Wilson,51,7561097679778,2023-09-13 00:04:59
3044916329979,John,Wilson,51,7561097679778,2023-09-13 00:04:59
3044916329979,John,Wilson,51,7561097679778,2023-09-13 00:04:59
8276252669936,Michael,Brown,52,7030225154312,2023-09-13 00:04:59
8276252669936,Michael,Brown,52,7030225154312,2023-09-13 00:04:59
3498743147342,John,Johnson,22,3620031277857,2023-09-13 00:04:59
3498743147342,John,Johnson,22,3620031277857,2023-09-13 00:04:59
2801019370450,William,Davis,45,5731536250234,2023-09-13 00:04:59
2801019370450,William,Davis,45,5731536250234,2023-09-13 00:04:59
2801019370450,William,Davis,45,5731536250234,2023-09-13 00:04:59
1888973270076,Michael,Johnson,30,7720057098420,2023-09-13 00:04:59
1888973270076,Michael,Johnson,30,7720057098420,2023-09-13 00:04:59
6274008000546,Jane,Smith,19,0537539705532,2023-09-13 00:04:59
5457227754211,Jane,Brown,29,8480366081971,2023-09-13 00:04:59
5457227754211,Jane,Brown,29,8480366081971,2023-09-13 00:04:59
4424191573037,William,Davis,59,0569887731966,2023-09-13 00:04:59
4424191573037,William,Davis,59,0569887731966,2023-09-13 00:04:59
7803929029204,Michael,Johnson,54,0770198249972,2023-09-13 00:04:59
7803929029204,Michael,Johnson,54,0770198249972,2023-09-13 00:04:59
5950883947031,John,Wilson,41,2849619197168,2023-09-13 00:04:59
5950883947031,John,Wilson,41,2849619197168,2023-09-13 00:04:59
4237956745659,William,Smith,27,7838932917154,2023-09-13 00:04:59
4237956745659,William,Smith,27,7838932917154,2023-09-13 00:04:59
5540212970585,Michael,Brown,49,6840635918531,2023-09-13 00:04:59
5540212970585,Michael,Brown,49,6840635918531,2023-09-13 00:04:59
1863593656173,John,Smith,19,2531441033206,2023-09-13 00:04:59
1863593656173,John,Smith,19,2531441033206,2023-09-13 00:04:59
7095994334558,John,Smith,31,8310237276743,2023-09-13 00:04:59
5152868133305,William,Davis,18,2409750024739,2023-09-13 00:04:59
5152868133305,William,Davis,18,2409750024739,2023-09-13 00:04:59
4429721131934,Michael,Wilson,47,5498271973742,2023-09-13 00:04:59
3732297365039,William,Johnson,28,6309776755300,2023-09-13 00:04:59
2819151083686,Michael,Brown,56,1378297505395,2023-09-13 00:04:59
4268969530023,Michael,Smith,53,8789408113321,2023-09-13 00:04:59
4268969530023,Michael,Smith,53,8789408113321,2023-09-13 00:04:59
3345833358651,John,Davis,38,3859929053317,2023-09-13 00:04:59
3345833358651,John,Davis,38,3859929053317,2023-09-13 00:04:59
6711861792028,John,Johnson,35,1050030569323,2023-09-13 00:04:59
6711861792028,John,Johnson,35,1050030569323,2023-09-13 00:04:59
6711861792028,John,Johnson,35,1050030569323,2023-09-13 00:04:59
3935162480304,Emma,Johnson,48,7949025684980,2023-09-13 00:04:59
3935162480304,Emma,Johnson,48,7949025684980,2023-09-13 00:04:59
2002236289130,Jane,Brown,33,9930347531876,2023-09-13 00:04:59
2002236289130,Jane,Brown,33,9930347531876,2023-09-13 00:04:59
8324437965548,William,Brown,47,5629254674411,2023-09-13 00:04:59
0446062295506,Emma,Johnson,49,6898381031055,2023-09-13 00:04:59
0446062295506,Emma,Johnson,49,6898381031055,2023-09-13 00:04:59
9759309129512,Michael,Johnson,29,7909886032633,2023-09-13 00:04:59
9759309129512,Michael,Johnson,29,7909886032633,2023-09-13 00:04:59
1126137676988,William,Johnson,25,7308186641559,2023-09-13 00:04:59
0205001594507,Emma,Brown,55,9370618478644,2023-09-13 00:04:59
0205001594507,Emma,Brown,55,9370618478644,2023-09-13 00:04:59
2651939048854,Michael,Wilson,50,9689898077750,2023-09-13 00:04:59
2651939048854,Michael,Wilson,50,9689898077750,2023-09-13 00:04:59
2651939048854,Michael,Wilson,50,9689898077750,2023-09-13 00:04:59
1738803849400,Jane,Smith,37,1678119826746,2023-09-13 00:04:59
1738803849400,Jane,Smith,37,1678119826746,2023-09-13 00:04:59
0751373421847,William,Davis,29,7727650343260,2023-09-13 00:04:59
4454785001494,Jane,Johnson,19,4158941182748,2023-09-13 00:04:59
4454785001494,Jane,Johnson,19,4158941182748,2023-09-13 00:04:59
0676076789081,Jane,Johnson,32,0839657425203,2023-09-13 00:04:59
0676076789081,Jane,Johnson,32,0839657425203,2023-09-13 00:04:59
9753949708608,John,Davis,18,2828170075298,2023-09-13 00:04:59
9753949708608,John,Davis,18,2828170075298,2023-09-13 00:04:59
7822813506354,Emma,Wilson,46,6997691925484,2023-09-13 00:04:59
7822813506354,Emma,Wilson,46,6997691925484,2023-09-13 00:04:59
3043204284742,Jane,Wilson,58,2588407238941,2023-09-13 00:04:59
3043204284742,Jane,Wilson,58,2588407238941,2023-09-13 00:04:59
9255705970320,William,Wilson,28,9298423351406,2023-09-13 00:04:59
1624433115597,William,Brown,26,6689405969512,2023-09-13 00:04:59
5766305487320,John,Wilson,31,8327760708671,2023-09-13 00:04:59
8471816167076,William,Davis,20,4748041460081,2023-09-13 00:04:59
5682217854453,Michael,Davis,33,1457068583626,2023-09-13 00:04:59
5682217854453,Michael,Davis,33,1457068583626,2023-09-13 00:04:59
1826418530041,John,Brown,46,7048774826183,2023-09-13 00:04:59
1826418530041,John,Brown,46,7048774826183,2023-09-13 00:04:59
6138919018457,Emma,Brown,58,3837580949647,2023-09-13 00:04:59
6138919018457,Emma,Brown,58,3837580949647,2023-09-13 00:04:59
2016917560655,Emma,Johnson,34,0506324120713,2023-09-13 00:04:59
2016917560655,Emma,Johnson,34,0506324120713,2023-09-13 00:04:59
4136343600423,John,Smith,37,0876552585137,2023-09-13 00:04:59
2626553733275,Michael,Davis,45,6946549136708,2023-09-13 00:04:59
4331984414701,Michael,Brown,35,3377831876208,2023-09-13 00:04:59
3152455096170,John,Wilson,28,8446170692700,2023-09-13 00:04:59
9629259998935,Emma,Davis,34,1057168869959,2023-09-13 00:04:59
9629259998935,Emma,Davis,34,1057168869959,2023-09-13 00:04:59
9629259998935,Emma,Davis,34,1057168869959,2023-09-13 00:04:59
0133695022043,Michael,Smith,58,3058663840316,2023-09-13 00:04:59
0133695022043,Michael,Smith,58,3058663840316,2023-09-13 00:04:59
0133695022043,Michael,Smith,58,3058663840316,2023-09-13 00:04:59
9280568841680,Jane,Johnson,43,7047164780520,2023-09-13 00:04:59
9280568841680,Jane,Johnson,43,7047164780520,2023-09-13 00:04:59
9280568841680,Jane,Johnson,43,7047164780520,2023-09-13 00:04:59
4523959509278,Emma,Johnson,55,3737970803076,2023-09-13 00:04:59
4523959509278,Emma,Johnson,55,3737970803076,2023-09-13 00:04:59
0735350285663,Emma,Brown,25,9328796948531,2023-09-13 00:04:59
0735350285663,Emma,Brown,25,9328796948531,2023-09-13 00:04:59
0735350285663,Emma,Brown,25,9328796948531,2023-09-13 00:04:59
2521393119271,John,Wilson,34,1875643279586,2023-09-13 00:04:59
2521393119271,John,Wilson,34,1875643279586,2023-09-13 00:04:59
1260032450657,William,Brown,50,0808418304533,2023-09-13 00:04:59
1260032450657,William,Brown,50,0808418304533,2023-09-13 00:04:59
0548906478385,Emma,Davis,37,4987931253529,2023-09-13 00:04:59
0548906478385,Emma,Davis,37,4987931253529,2023-09-13 00:04:59
0548906478385,Emma,Davis,37,4987931253529,2023-09-13 00:04:59
5759407934781,Jane,Wilson,49,0576755376086,2023-09-13 00:04:59
5759407934781,Jane,Wilson,49,0576755376086,2023-09-13 00:04:59
5759407934781,Jane,Wilson,49,0576755376086,2023-09-13 00:04:59
1971898712379,Jane,Brown,19,6167562619521,2023-09-13 00:04:59
1971898712379,Jane,Brown,19,6167562619521,2023-09-13 00:04:59
7285399409766,Emma,Brown,31,2056458722188,2023-09-13 00:04:59
7285399409766,Emma,Brown,31,2056458722188,2023-09-13 00:04:59
7285399409766,Emma,Brown,31,2056458722188,2023-09-13 00:04:59
4406590985362,Jane,Davis,44,8648274847842,2023-09-13 00:04:59
4406590985362,Jane,Davis,44,8648274847842,2023-09-13 00:04:59
4406590985362,Jane,Davis,44,8648274847842,2023-09-13 00:04:59
0638991663750,Jane,Davis,57,4357080180389,2023-09-13 00:04:59
0638991663750,Jane,Davis,57,4357080180389,2023-09-13 00:04:59
9797844461506,Emma,Wilson,43,7326503838393,2023-09-13 00:04:59
3086209166610,Jane,Smith,42,7096830701826,2023-09-13 00:04:59
5454237312887,William,Smith,38,5505041519832,2023-09-13 00:04:59
1430035864086,Emma,Smith,56,2254876491905,2023-09-13 00:04:59
1430035864086,Emma,Smith,56,2254876491905,2023-09-13 00:04:59
1430035864086,Emma,Smith,56,2254876491905,2023-09-13 00:04:59
0843302099092,Michael,Brown,37,3265379572392,2023-09-13 00:04:59
0843302099092,Michael,Brown,37,3265379572392,2023-09-13 00:04:59
5065703575609,John,Smith,50,9856175615859,2023-09-13 00:04:59
5065703575609,John,Smith,50,9856175615859,2023-09-13 00:04:59
4088263369846,Emma,Brown,42,5924516311453,2023-09-13 00:04:59
4088263369846,Emma,Brown,42,5924516311453,2023-09-13 00:04:59
2882548496191,Michael,Brown,43,7567684731071,2023-09-13 00:04:59
7868548748129,William,Brown,18,6416318621147,2023-09-13 00:04:59
0046377212566,William,Johnson,57,4625629239153,2023-09-13 00:04:59
0046377212566,William,Johnson,57,4625629239153,2023-09-13 00:04:59
8293240102193,Michael,Brown,44,8614940189168,2023-09-13 00:04:59
8293240102193,Michael,Brown,44,8614940189168,2023-09-13 00:04:59
8293240102193,Michael,Brown,44,8614940189168,2023-09-13 00:04:59
1471279476559,Jane,Smith,39,6105150697275,2023-09-13 00:04:59
1471279476559,Jane,Smith,39,6105150697275,2023-09-13 00:04:59
1471279476559,Jane,Smith,39,6105150697275,2023-09-13 00:04:59
6983650155847,William,Smith,52,2786946900719,2023-09-13 00:04:59
6983650155847,William,Smith,52,2786946900719,2023-09-13 00:04:59
8806006375814,Jane,Wilson,55,3065175364154,2023-09-13 00:04:59
8806006375814,Jane,Wilson,55,3065175364154,2023-09-13 00:04:59
8806006375814,Jane,Wilson,55,3065175364154,2023-09-13 00:04:59
1272014649071,Jane,Brown,51,0465475973260,2023-09-13 00:04:59
1272014649071,Jane,Brown,51,0465475973260,2023-09-13 00:04:59
3640841086428,John,Wilson,47,0876485489278,2023-09-13 00:04:59
2471213678675,Emma,Johnson,39,5923925005890,2023-09-13 00:04:59
2471213678675,Emma,Johnson,39,5923925005890,2023-09-13 00:04:59
6176643258411,Jane,Smith,31,2156207747300,2023-09-13 00:04:59
2398924036709,Jane,Smith,44,8845023080845,2023-09-13 00:04:59
2398924036709,Jane,Smith,44,8845023080845,2023-09-13 00:04:59
7509325713195,William,Johnson,56,4624039103302,2023-09-13 00:04:59
7509325713195,William,Johnson,56,4624039103302,2023-09-13 00:04:59
3823826201793,Michael,Wilson,26,0315725446067,2023-09-13 00:04:59
2990789209329,John,Brown,53,3304246065052,2023-09-13 00:04:59
1977655297158,William,Davis,40,7473769915048,2023-09-13 00:04:59
3344681464312,Emma,Johnson,36,5685879523054,2023-09-13 00:04:59
1780310280678,John,Smith,52,2743812021236,2023-09-13 00:04:59
6991611966275,Emma,Smith,21,8424629364790,2023-09-13 00:04:59
5305165071281,Michael,Smith,45,9455123345178,2023-09-13 00:04:59
5305165071281,Michael,Smith,45,9455123345178,2023-09-13 00:04:59
3526456767899,John,Smith,58,5244120470613,2023-09-13 00:04:59
3526456767899,John,Smith,58,5244120470613,2023-09-13 00:04:59
3526456767899,John,Smith,58,5244120470613,2023-09-13 00:04:59
5995395023936,William,Smith,53,3435129066729,2023-09-13 00:04:59
7817721263903,Jane,Brown,55,4904357443375,2023-09-13 00:04:59
7817721263903,Jane,Brown,55,4904357443375,2023-09-13 00:04:59
3129122040319,Jane,Brown,24,0614163566830,2023-09-13 00:04:59
3129122040319,Jane,Brown,24,0614163566830,2023-09-13 00:04:59
3129122040319,Jane,Brown,24,0614163566830,2023-09-13 00:04:59
2652568954515,John,Wilson,48,1615768567297,2023-09-13 00:04:59
1473930748764,Jane,Johnson,40,6764108264812,2023-09-13 00:04:59
3851967002121,John,Wilson,36,6953418872928,2023-09-13 00:04:59
3851967002121,John,Wilson,36,6953418872928,2023-09-13 00:04:59
5208796459378,John,Johnson,34,4364417380934,2023-09-13 00:04:59
5208796459378,John,Johnson,34,4364417380934,2023-09-13 00:04:59
5208796459378,John,Johnson,34,4364417380934,2023-09-13 00:04:59
8476724803624,Michael,Johnson,29,2873707996040,2023-09-13 00:04:59
8476724803624,Michael,Johnson,29,2873707996040,2023-09-13 00:04:59
3798905581020,Michael,Wilson,42,8454513001507,2023-09-13 00:04:59
3798905581020,Michael,Wilson,42,8454513001507,2023-09-13 00:04:59
1902406168618,John,Smith,55,4043439344062,2023-09-13 00:04:59
1902406168618,John,Smith,55,4043439344062,2023-09-13 00:04:59
1902406168618,John,Smith,55,4043439344062,2023-09-13 00:04:59
0289370086244,William,Davis,41,8112952992057,2023-09-13 00:04:59
0289370086244,William,Davis,41,8112952992057,2023-09-13 00:04:59
2437308532601,Jane,Smith,37,6524052500063,2023-09-13 00:04:59
2437308532601,Jane,Smith,37,6524052500063,2023-09-13 00:04:59
4213233436099,John,Davis,46,0973007033116,2023-09-13 00:04:59
4213233436099,John,Davis,46,0973007033116,2023-09-13 00:04:59
0881135259966,Emma,Davis,53,3484095200245,2023-09-13 00:04:59
0881135259966,Emma,Davis,53,3484095200245,2023-09-13 00:04:59
2904463389744,Michael,Johnson,54,3973023654689,2023-09-13 00:04:59
1215737513950,Jane,Davis,35,5982708636257,2023-09-13 00:04:59
0392881511586,William,Wilson,20,9043021385262,2023-09-13 00:04:59
2760619768943,William,Wilson,60,7252330892378,2023-09-13 00:04:59
2760619768943,William,Wilson,60,7252330892378,2023-09-13 00:04:59
1827573786572,John,Smith,47,9321851741364,2023-09-13 00:04:59
2330949810678,William,Brown,25,1333356743949,2023-09-13 00:04:59
7662340696083,William,Brown,38,7144162868486,2023-09-13 00:04:59
2394947732912,Jane,Johnson,19,7971824816888,2023-09-13 00:04:59
2943684173297,John,Wilson,37,7892699850937,2023-09-13 00:04:59
2943684173297,John,Wilson,37,7892699850937,2023-09-13 00:04:59
7175185669805,Emma,Brown,50,3583495173494,2023-09-13 00:04:59
7175185669805,Emma,Brown,50,3583495173494,2023-09-13 00:04:59
0523914006952,Emma,Brown,45,1992695772400,2023-09-13 00:04:59
0523914006952,Emma,Brown,45,1992695772400,2023-09-13 00:04:59
0523914006952,Emma,Brown,45,1992695772400,2023-09-13 00:04:59
8600887024579,Jane,Davis,32,5883918329496,2023-09-13 00:04:59
8600887024579,Jane,Davis,32,5883918329496,2023-09-13 00:04:59
1078716478945,Emma,Smith,28,3272227938502,2023-09-13 00:04:59
1078716478945,Emma,Smith,28,3272227938502,2023-09-13 00:04:59
0135679278572,Michael,Davis,57,6361740787797,2023-09-13 00:04:59
0135679278572,Michael,Davis,57,6361740787797,2023-09-13 00:04:59
5347150955170,Michael,Brown,27,2943456800262,2023-09-13 00:04:59
5347150955170,Michael,Brown,27,2943456800262,2023-09-13 00:04:59
6388641549327,John,Wilson,19,7002997527756,2023-09-13 00:04:59
6388641549327,John,Wilson,19,7002997527756,2023-09-13 00:04:59
2936225451394,Emma,Smith,26,2623983093713,2023-09-13 00:04:59
4014253905451,Jane,Davis,22,0012075609721,2023-09-13 00:04:59
4014253905451,Jane,Davis,22,0012075609721,2023-09-13 00:04:59
6483082352807,John,Smith,19,0523284117837,2023-09-13 00:04:59
6483082352807,John,Smith,19,0523284117837,2023-09-13 00:04:59
6483082352807,John,Smith,19,0523284117837,2023-09-13 00:04:59
2795463838295,Emma,Johnson,32,6102090220392,2023-09-13 00:04:59
2795463838295,Emma,Johnson,32,6102090220392,2023-09-13 00:04:59
2795463838295,Emma,Johnson,32,6102090220392,2023-09-13 00:04:59
7916964514891,Emma,Johnson,44,2793007345839,2023-09-13 00:04:59
7916964514891,Emma,Johnson,44,2793007345839,2023-09-13 00:04:59
0039290654668,John,Smith,46,2262034720373,2023-09-13 00:04:59
0039290654668,John,Smith,46,2262034720373,2023-09-13 00:04:59
2207228091915,William,Brown,44,0472344338389,2023-09-13 00:04:59
2207228091915,William,Brown,44,0472344338389,2023-09-13 00:04:59
0228799685272,Michael,Wilson,34,6521584034984,2023-09-13 00:04:59
0228799685272,Michael,Wilson,34,6521584034984,2023-09-13 00:04:59
6896693597149,Jane,Wilson,41,9152553509030,2023-09-13 00:04:59
6896693597149,Jane,Wilson,41,9152553509030,2023-09-13 00:04:59
4010894283537,William,Wilson,53,5041369644577,2023-09-13 00:04:59
4010894283537,William,Wilson,53,5041369644577,2023-09-13 00:04:59
9221265940133,William,Brown,23,1622183757132,2023-09-13 00:04:59
9221265940133,William,Brown,23,1622183757132,2023-09-13 00:04:59
9221265940133,William,Brown,23,1622183757132,2023-09-13 00:04:59
9221265940133,William,Brown,23,1622183757132,2023-09-13 00:04:59
5543766428520,Jane,Davis,36,7311199070699,2023-09-13 00:04:59
5543766428520,Jane,Davis,36,7311199070699,2023-09-13 00:04:59
1757167114106,William,Davis,48,3902805113144,2023-09-13 00:04:59
1757167114106,William,Davis,48,3902805113144,2023-09-13 00:04:59
9834030122655,Emma,Wilson,35,7091328063139,2023-09-13 00:04:59
5046531611240,Emma,Smith,47,3880144186696,2023-09-13 00:04:59
5046531611240,Emma,Smith,47,3880144186696,2023-09-13 00:04:59
7414360155487,John,Brown,45,1092444694602,2023-09-13 00:04:59
2803604641621,Michael,Johnson,42,2740763687153,2023-09-13 00:04:59
2803604641621,Michael,Johnson,42,2740763687153,2023-09-13 00:04:59
1880578660440,John,Brown,29,4831284506349,2023-09-13 00:04:59
1880578660440,John,Brown,29,4831284506349,2023-09-13 00:04:59
5238306004517,William,Wilson,24,2240483013455,2023-09-13 00:04:59
5238306004517,William,Wilson,24,2240483013455,2023-09-13 00:04:59
0550707582102,Michael,Smith,37,8931299158910,2023-09-13 00:04:59
0550707582102,Michael,Smith,37,8931299158910,2023-09-13 00:04:59
6764208279580,Michael,Smith,50,4520016471477,2023-09-13 00:04:59
6764208279580,Michael,Smith,50,4520016471477,2023-09-13 00:04:59
6764208279580,Michael,Smith,50,4520016471477,2023-09-13 00:04:59
2906609957196,John,Smith,21,0411922514911,2023-09-13 00:04:59
2906609957196,John,Smith,21,0411922514911,2023-09-13 00:04:59
2906609957196,John,Smith,21,0411922514911,2023-09-13 00:04:59
4354418201343,Emma,Davis,60,0611031122020,2023-09-13 00:04:59
4354418201343,Emma,Davis,60,0611031122020,2023-09-13 00:04:59
2708245120618,John,Smith,31,6771057829029,2023-09-13 00:04:59
7920646706205,William,Smith,44,2360863932576,2023-09-13 00:04:59
7920646706205,William,Smith,44,2360863932576,2023-09-13 00:04:59
7920646706205,William,Smith,44,2360863932576,2023-09-13 00:04:59
0198674150442,Michael,Smith,41,0871073540502,2023-09-13 00:04:59
0198674150442,Michael,Smith,41,0871073540502,2023-09-13 00:04:59
5410975838058,Michael,Davis,54,6460889663047,2023-09-13 00:04:59
5410975838058,Michael,Davis,54,6460889663047,2023-09-13 00:04:59
3622356315436,John,Wilson,23,2141895906604,2023-09-13 00:04:59
3622356315436,John,Wilson,23,2141895906604,2023-09-13 00:04:59
8945757093941,Emma,Wilson,36,8930611021149,2023-09-13 00:04:59
8945757093941,Emma,Wilson,36,8930611021149,2023-09-13 00:04:59
4157258789339,Jane,Wilson,49,4529325164606,2023-09-13 00:04:59
3198619363686,William,Johnson,41,0779866861220,2023-09-13 00:04:59
5603940044322,Emma,Davis,31,7800138520807,2023-09-13 00:04:59
5603940044322,Emma,Davis,31,7800138520807,2023-09-13 00:04:59
4860814942951,Michael,Johnson,60,9999651460813,2023-09-13 00:04:59
4860814942951,Michael,Johnson,60,9999651460813,2023-09-13 00:04:59
3937987740777,John,Brown,45,3980974290807,2023-09-13 00:04:59
3937987740777,John,Brown,45,3980974290807,2023-09-13 00:04:59
2340223975603,William,Wilson,26,5089676091464,2023-09-13 00:04:59
2340223975603,William,Wilson,26,5089676091464,2023-09-13 00:04:59
1627197993430,Emma,Smith,55,7050199941450,2023-09-13 00:04:59
1627197993430,Emma,Smith,55,7050199941450,2023-09-13 00:04:59
6839588479818,Jane,Smith,25,3749905064917,2023-09-13 00:04:59
6839588479818,Jane,Smith,25,3749905064917,2023-09-13 00:04:59
4052889147425,William,Johnson,37,9530710307482,2023-09-13 00:04:59
4052889147425,William,Johnson,37,9530710307482,2023-09-13 00:04:59
9364280824811,Emma,Wilson,50,5140506420928,2023-09-13 00:04:59
5586781302499,Jane,Wilson,20,1839422765483,2023-09-13 00:04:59
5586781302499,Jane,Wilson,20,1839422765483,2023-09-13 00:04:59
5586781302499,Jane,Wilson,20,1839422765483,2023-09-13 00:04:59
0810162088706,William,Smith,32,8410238888040,2023-09-13 00:04:59
0810162088706,William,Smith,32,8410238888040,2023-09-13 00:04:59
6031363774392,Michael,Smith,45,4309044091585,2023-09-13 00:04:59
6031363774392,Michael,Smith,45,4309044091585,2023-09-13 00:04:59
5108226573911,Jane,Johnson,31,6198567841771,2023-09-13 00:04:59
5108226573911,Jane,Johnson,31,6198567841771,2023-09-13 00:04:59
1322727251526,Jane,Johnson,44,2089383984236�w�������a,2023-09-13 00:04:59
1322727251526,Jane,Johnson,44,2089383984236�a,2023-09-13 00:04:59
3778756725773,Emma,Wilson,40,2278583592244,2023-09-13 00:04:59
5811092755731,Michael,Davis,43,3749710957788���,2023-09-13 00:04:59
5811092755731,Michael,Davis,43,3749710957788,2023-09-13 00:04:59
4224338960667,Jane,Smith,22,4748395958364Sn,2023-09-13 00:04:59
1956953006595,Emma,Smith,46,4408877986747,2023-09-13 00:04:59
0269329230491,Michael,Smith,27,5407550767325Sn,2023-09-13 00:04:59
0269329230491,Michael,Smith,27,5407550767325,2023-09-13 00:04:59
6736193152488,John,Brown,34,8018348234351<@,2023-09-13 00:04:59
6928890871703,William,Brown,45,5401271197373,2023-09-13 00:05:43
0217245558948,Jane,Smith,44,3189508160823,2023-09-13 00:05:43
0217245558948,Jane,Smith,44,3189508160823,2023-09-13 00:05:43
6531646034225,Emma,Davis,57,9071214203368,2023-09-13 00:05:43
6531646034225,Emma,Davis,57,9071214203368,2023-09-13 00:05:43
3763947710811,Emma,Wilson,26,5660030526925,2023-09-13 00:05:43
3763947710811,Emma,Wilson,26,5660030526925,2023-09-13 00:05:43
5885473850608,John,Brown,28,6939258971560,2023-09-13 00:05:43
5885473850608,John,Brown,28,6939258971560,2023-09-13 00:05:43
4606964614058,William,Wilson,20,1088599497164,2023-09-13 00:05:43
4606964614058,William,Wilson,20,1088599497164,2023-09-13 00:05:43
0610230743292,William,Smith,21,4729669097692,2023-09-13 00:05:43
0610230743292,William,Smith,21,4729669097692,2023-09-13 00:05:43
0610230743292,William,Smith,21,4729669097692,2023-09-13 00:05:43
9787103461041,Emma,Johnson,51,6810160745688,2023-09-13 00:05:43
9787103461041,Emma,Johnson,51,6810160745688,2023-09-13 00:05:43
9787103461041,Emma,Johnson,51,6810160745688,2023-09-13 00:05:43
4001584247326,Jane,Johnson,20,2509886080144,2023-09-13 00:05:43
4001584247326,Jane,Johnson,20,2509886080144,2023-09-13 00:05:43
4001584247326,Jane,Johnson,20,2509886080144,2023-09-13 00:05:43
3078448146153,William,Brown,48,6598309937130,2023-09-13 00:05:43
3078448146153,William,Brown,48,6598309937130,2023-09-13 00:05:43
2335311946701,Emma,Davis,35,9668822567324,2023-09-13 00:05:43
2335311946701,Emma,Davis,35,9668822567324,2023-09-13 00:05:43
2335311946701,Emma,Davis,35,9668822567324,2023-09-13 00:05:43
1412275964528,Jane,Johnson,21,3659342407219,2023-09-13 00:05:43
1412275964528,Jane,Johnson,21,3659342407219,2023-09-13 00:05:43
1412275964528,Jane,Johnson,21,3659342407219,2023-09-13 00:05:43
3880013318775,Emma,Wilson,60,1958652913326,2023-09-13 00:05:43
1092414997382,Emma,Wilson,29,7549468158882,2023-09-13 00:05:43
3270443361429,Jane,Brown,27,7938660664999,2023-09-13 00:05:43
6627251707876,John,Wilson,23,4449759273905,2023-09-13 00:05:43
6627251707876,John,Wilson,23,4449759273905,2023-09-13 00:05:43
1931752294282,Emma,Smith,35,1038665595562,2023-09-13 00:05:43
1931752294282,Emma,Smith,35,1038665595562,2023-09-13 00:05:43
0918616292008,Jane,Johnson,22,3129986345455,2023-09-13 00:05:43
0918616292008,Jane,Johnson,22,3129986345455,2023-09-13 00:05:43
9295589202657,John,Wilson,49,7188409095451,2023-09-13 00:05:43
9295589202657,John,Wilson,49,7188409095451,2023-09-13 00:05:43
8608845224763,William,Wilson,30,9190202076038,2023-09-13 00:05:43
8608845224763,William,Wilson,30,9190202076038,2023-09-13 00:05:43
8608845224763,William,Wilson,30,9190202076038,2023-09-13 00:05:43
7775719233389,Michael,Brown,60,1089525926024,2023-09-13 00:05:43
5706180827659,John,Brown,52,7138966433528,2023-09-13 00:05:43
5706180827659,John,Brown,52,7138966433528,2023-09-13 00:05:43
1254053729524,William,Davis,59,2967064807575,2023-09-13 00:05:43
9485554405901,Michael,Wilson,28,8558750922011,2023-09-13 00:05:43
9485554405901,Michael,Wilson,28,8558750922011,2023-09-13 00:05:43
8544428105758,John,Smith,56,0627271870207,2023-09-13 00:05:43
8544428105758,John,Smith,56,0627271870207,2023-09-13 00:05:43
6611381124384,William,Johnson,43,4606794720211,2023-09-13 00:05:43
9098220668721,Emma,Davis,40,2917803238229,2023-09-13 00:05:43
4202511156039,Jane,Wilson,53,8707819351764,2023-09-13 00:05:43
0523992833617,William,Wilson,22,4498525484321,2023-09-13 00:05:43
4012366319851,Michael,Smith,20,3176862457871,2023-09-13 00:05:43
3325622541857,Jane,Brown,43,4177337458459,2023-09-13 00:05:43
9639023220343,William,Davis,56,0768154573904,2023-09-13 00:05:43
9639023220343,William,Davis,56,0768154573904,2023-09-13 00:05:43
6515022582471,Michael,Brown,31,9437988762079,2023-09-13 00:05:43
6515022582471,Michael,Brown,31,9437988762079,2023-09-13 00:05:43
5928498714577,John,Wilson,55,1446681766454,2023-09-13 00:05:43
5928498714577,John,Wilson,55,1446681766454,2023-09-13 00:05:43
5928498714577,John,Wilson,55,1446681766454,2023-09-13 00:05:43
4205331624105,William,Smith,42,3517903393540,2023-09-13 00:05:43
6453160979572,Emma,Davis,37,3927213902656,2023-09-13 00:05:43
6453160979572,Emma,Davis,37,3927213902656,2023-09-13 00:05:43
9830096345719,Jane,Brown,33,1108412500564,2023-09-13 00:05:43
1616032249307,William,Smith,42,4765460731717,2023-09-13 00:05:43
1616032249307,William,Smith,42,4765460731717,2023-09-13 00:05:43
3120463829853,William,Wilson,32,9086731493215,2023-09-13 00:05:43
6577279376298,Jane,Johnson,28,9397931009221,2023-09-13 00:05:43
6577279376298,Jane,Johnson,28,9397931009221,2023-09-13 00:05:43
6577279376298,Jane,Johnson,28,9397931009221,2023-09-13 00:05:43
4656145294827,John,Brown,57,1366454858216,2023-09-13 00:05:43
4656145294827,John,Brown,57,1366454858216,2023-09-13 00:05:43
4656145294827,John,Brown,57,1366454858216,2023-09-13 00:05:43
7022171730283,William,Brown,53,1767563467343,2023-09-13 00:05:43
7022171730283,William,Brown,53,1767563467343,2023-09-13 00:05:43
4236372227679,Michael,Brown,22,7456579780887,2023-09-13 00:05:43
4236372227679,Michael,Brown,22,7456579780887,2023-09-13 00:05:43
4236372227679,Michael,Brown,22,7456579780887,2023-09-13 00:05:43
3313436215308,Jane,Davis,52,9448092439873,2023-09-13 00:05:43
3313436215308,Jane,Davis,52,9448092439873,2023-09-13 00:05:43
9525637701703,William,Wilson,22,5137717742340,2023-09-13 00:05:43
9525637701703,William,Wilson,22,5137717742340,2023-09-13 00:05:43
6969666729188,Jane,Johnson,38,2295752240429,2023-09-13 00:05:43
6969666729188,Jane,Johnson,38,2295752240429,2023-09-13 00:05:43
2437347512143,Jane,Brown,44,7826628417478,2023-09-13 00:05:43
2437347512143,Jane,Brown,44,7826628417478,2023-09-13 00:05:43
8314348984152,Emma,Brown,20,4575355608541,2023-09-13 00:05:43
8314348984152,Emma,Brown,20,4575355608541,2023-09-13 00:05:43
7928612016288,Michael,Davis,42,6596857609109,2023-09-13 00:05:43
7928612016288,Michael,Davis,42,6596857609109,2023-09-13 00:05:43
5075575817806,Jane,Smith,28,8665370339094,2023-09-13 00:05:43
5075575817806,Jane,Smith,28,8665370339094,2023-09-13 00:05:43
5075575817806,Jane,Smith,28,8665370339094,2023-09-13 00:05:43
1216076593492,William,Smith,41,4456196672651,2023-09-13 00:05:43
1216076593492,William,Smith,41,4456196672651,2023-09-13 00:05:43
1216076593492,William,Smith,41,4456196672651,2023-09-13 00:05:43
5665085047669,Emma,Davis,38,4666496180667,2023-09-13 00:05:43
5665085047669,Emma,Davis,38,4666496180667,2023-09-13 00:05:43
1987286525246,Jane,Davis,51,0357182293122,2023-09-13 00:05:43
1987286525246,Jane,Davis,51,0357182293122,2023-09-13 00:05:43
9463376103014,William,Wilson,49,6484671866154,2023-09-13 00:05:43
2322188990940,Michael,Brown,33,2827913759224,2023-09-13 00:05:43
2322188990940,Michael,Brown,33,2827913759224,2023-09-13 00:05:43
2322188990940,Michael,Brown,33,2827913759224,2023-09-13 00:05:43
4344514020907,Jane,Smith,35,3096942134668,2023-09-13 00:05:43
4344514020907,Jane,Smith,35,3096942134668,2023-09-13 00:05:43
4344514020907,Jane,Smith,35,3096942134668,2023-09-13 00:05:43
3857880152913,John,Brown,58,4005645117226,2023-09-13 00:05:43
3857880152913,John,Brown,58,4005645117226,2023-09-13 00:05:43
3857880152913,John,Brown,58,4005645117226,2023-09-13 00:05:43
9179251841511,Emma,Davis,28,0916451250793,2023-09-13 00:05:43
9179251841511,Emma,Davis,28,0916451250793,2023-09-13 00:05:43
9179251841511,Emma,Davis,28,0916451250793,2023-09-13 00:05:43
8156124649147,Jane,Wilson,58,3085974080786,2023-09-13 00:05:43
8156124649147,Jane,Wilson,58,3085974080786,2023-09-13 00:05:43
8156124649147,Jane,Wilson,58,3085974080786,2023-09-13 00:05:43
3468625325735,Jane,Wilson,27,9677780123443,2023-09-13 00:05:43
2545599323282,Michael,Smith,55,1756201063439,2023-09-13 00:05:43
6323444249960,Jane,Smith,21,5013258394482,2023-09-13 00:05:43
2125728376016,John,Davis,22,7756209792000,2023-09-13 00:05:43
2125728376016,John,Davis,22,7756209792000,2023-09-13 00:05:43
8349199054612,John,Davis,35,3445023037547,2023-09-13 00:05:43
8349199054612,John,Davis,35,3445023037547,2023-09-13 00:05:43
8349199054612,John,Davis,35,3445023037547,2023-09-13 00:05:43
3651690511000,Emma,Wilson,47,9036039150002,2023-09-13 00:05:43
3651690511000,Emma,Wilson,47,9036039150002,2023-09-13 00:05:43
3651690511000,Emma,Wilson,47,9036039150002,2023-09-13 00:05:43
5039429987356,Michael,Johnson,43,7415041668110,2023-09-13 00:05:43
5039429987356,Michael,Johnson,43,7415041668110,2023-09-13 00:05:43
8941965227134,William,Smith,46,8704368123554,2023-09-13 00:05:43
8941965227134,William,Smith,46,8704368123554,2023-09-13 00:05:43
8941965227134,William,Smith,46,8704368123554,2023-09-13 00:05:43
0328793461581,Emma,Davis,42,7195378631660,2023-09-13 00:05:43
0328793461581,Emma,Davis,42,7195378631660,2023-09-13 00:05:43
5532194150978,Jane,Davis,55,3885364764125,2023-09-13 00:05:43
5532194150978,Jane,Davis,55,3885364764125,2023-09-13 00:05:43
4699058148715,John,Wilson,41,6876887612111,2023-09-13 00:05:43
0020539634103,Emma,Wilson,54,2565603737658,2023-09-13 00:05:43
0020539634103,Emma,Wilson,54,2565603737658,2023-09-13 00:05:43
1187402652939,Jane,Smith,38,4554124584872,2023-09-13 00:05:43
1187402652939,Jane,Smith,38,4554124584872,2023-09-13 00:05:43
0591768887855,John,Brown,19,6655618688239,2023-09-13 00:05:43
0591768887855,John,Brown,19,6655618688239,2023-09-13 00:05:43
0591768887855,John,Brown,19,6655618688239,2023-09-13 00:05:43
9878632685682,Emma,Smith,49,0624139435325,2023-09-13 00:05:43
9878632685682,Emma,Smith,49,0624139435325,2023-09-13 00:05:43
9878632685682,Emma,Smith,49,0624139435325,2023-09-13 00:05:43
1046661021838,Emma,Davis,44,8035241024451,2023-09-13 00:05:43
1046661021838,Emma,Davis,44,8035241024451,2023-09-13 00:05:43
6258842717436,Jane,Davis,57,4724155167998,2023-09-13 00:05:43
6258842717436,Jane,Davis,57,4724155167998,2023-09-13 00:05:43
5535905528063,William,Wilson,43,8714658906983,2023-09-13 00:05:43
5535905528063,William,Wilson,43,8714658906983,2023-09-13 00:05:43
6724204566679,Michael,Wilson,31,1174208211513,2023-09-13 00:05:43
6724204566679,Michael,Wilson,31,1174208211513,2023-09-13 00:05:43
2272108458544,John,Davis,38,6975096587440,2023-09-13 00:05:43
2272108458544,John,Davis,38,6975096587440,2023-09-13 00:05:43
4450837923701,William,Davis,34,4184206094556,2023-09-13 00:05:43
4450837923701,William,Davis,34,4184206094556,2023-09-13 00:05:43
4450837923701,William,Davis,34,4184206094556,2023-09-13 00:05:43
2662338601398,Michael,Johnson,46,0775212138013,2023-09-13 00:05:43
2662338601398,Michael,Johnson,46,0775212138013,2023-09-13 00:05:43
1949281409925,Jane,Wilson,33,3864535066007,2023-09-13 00:05:43
1949281409925,Jane,Wilson,33,3864535066007,2023-09-13 00:05:43
1949281409925,Jane,Wilson,33,3864535066007,2023-09-13 00:05:43
3198210854282,Emma,Brown,31,2255724574125,2023-09-13 00:05:43
3198210854282,Emma,Brown,31,2255724574125,2023-09-13 00:05:43
5230545184059,Michael,Johnson,32,3524052049769,2023-09-13 00:05:43
5230545184059,Michael,Johnson,32,3524052049769,2023-09-13 00:05:43
5230545184059,Michael,Johnson,32,3524052049769,2023-09-13 00:05:43
1542046672647,John,Johnson,45,9304768162224,2023-09-13 00:05:43
3338902596155,William,Wilson,52,1763716595257,2023-09-13 00:05:43
3338902596155,William,Wilson,52,1763716595257,2023-09-13 00:05:43
5833311176879,Michael,Davis,44,8084097255757,2023-09-13 00:05:43
5833311176879,Michael,Davis,44,8084097255757,2023-09-13 00:05:43
8299149513026,Jane,Smith,39,7393307863883,2023-09-13 00:05:43
8299149513026,Jane,Smith,39,7393307863883,2023-09-13 00:05:43
8299149513026,Jane,Smith,39,7393307863883,2023-09-13 00:05:43
0667158967183,John,Davis,35,5784316371899,2023-09-13 00:05:43
0667158967183,John,Davis,35,5784316371899,2023-09-13 00:05:43
9744011987911,William,Johnson,22,9873839009885,2023-09-13 00:05:43
9744011987911,William,Johnson,22,9873839009885,2023-09-13 00:05:43
0791985786548,Michael,Brown,51,2862350959870,2023-09-13 00:05:43
0791985786548,Michael,Brown,51,2862350959870,2023-09-13 00:05:43
5013386462145,John,Brown,21,8543146082335,2023-09-13 00:05:43
5013386462145,John,Brown,21,8543146082335,2023-09-13 00:05:43
5013386462145,John,Brown,21,8543146082335,2023-09-13 00:05:43
1447687940531,Emma,Davis,33,4133152307870,2023-09-13 00:05:43
6403685590749,Jane,Brown,52,1002896296945,2023-09-13 00:05:43
6403685590749,Jane,Brown,52,1002896296945,2023-09-13 00:05:43
1618700422019,John,Johnson,39,4809389191057,2023-09-13 00:05:43
1618700422019,John,Johnson,39,4809389191057,2023-09-13 00:05:43
1057322111353,William,Brown,45,9602107413088,2023-09-13 00:05:43
1057322111353,William,Brown,45,9602107413088,2023-09-13 00:05:43
3406151667400,Michael,Brown,41,8993407929194,2023-09-13 00:05:43
3406151667400,Michael,Brown,41,8993407929194,2023-09-13 00:05:43
3406151667400,Michael,Brown,41,8993407929194,2023-09-13 00:05:43
5674180023867,Jane,Smith,36,6394617537212,2023-09-13 00:05:43
5674180023867,Jane,Smith,36,6394617537212,2023-09-13 00:05:43
5674180023867,Jane,Smith,36,6394617537212,2023-09-13 00:05:43
4851053822493,John,Johnson,23,0483939387105,2023-09-13 00:05:43
4851053822493,John,Johnson,23,0483939387105,2023-09-13 00:05:43
4851053822493,John,Johnson,23,0483939387105,2023-09-13 00:05:43
0163454508071,Emma,Johnson,36,6072926490762,2023-09-13 00:05:43
0163454508071,Emma,Johnson,36,6072926490762,2023-09-13 00:05:43
7385955296487,Jane,Johnson,48,3663740733207,2023-09-13 00:05:43
7385955296487,Jane,Johnson,48,3663740733207,2023-09-13 00:05:43
6464818094115,William,Brown,35,5733263482193,2023-09-13 00:05:43
6464818094115,William,Brown,35,5733263482193,2023-09-13 00:05:43
5511762003732,Emma,Smith,21,7822785332309,2023-09-13 00:05:43
1753163799347,Michael,Wilson,34,3413592655846,2023-09-13 00:05:43
1753163799347,Michael,Wilson,34,3413592655846,2023-09-13 00:05:43
1753163799347,Michael,Wilson,34,3413592655846,2023-09-13 00:05:43
0366529723355,Jane,Johnson,56,5412094457221,2023-09-13 00:05:43
5241327275572,William,Smith,33,4381829528396,2023-09-13 00:05:43
5241327275572,William,Smith,33,4381829528396,2023-09-13 00:05:43
7490256620729,Jane,Smith,29,2592038136402,2023-09-13 00:05:43
7490256620729,Jane,Smith,29,2592038136402,2023-09-13 00:05:43
7490256620729,Jane,Smith,29,2592038136402,2023-09-13 00:05:43
0868094986075,Jane,Brown,24,1081320632518,2023-09-13 00:05:43
0868094986075,Jane,Brown,24,1081320632518,2023-09-13 00:05:43
0868094986075,Jane,Brown,24,1081320632518,2023-09-13 00:05:43
5180575672473,William,Davis,37,7672034875075,2023-09-13 00:05:43
5180575672473,William,Davis,37,7672034875075,2023-09-13 00:05:43
4157439662200,Michael,Wilson,24,0762557625069,2023-09-13 00:05:43
4157439662200,Michael,Wilson,24,0762557625069,2023-09-13 00:05:43
8043592596698,Jane,Brown,33,3211504958014,2023-09-13 00:05:43
8043592596698,Jane,Brown,33,3211504958014,2023-09-13 00:05:43
7683331835293,John,Wilson,49,2232189083071,2023-09-13 00:05:43
6614702429442,Emma,Brown,41,7181620589595,2023-09-13 00:05:43
6614702429442,Emma,Brown,41,7181620589595,2023-09-13 00:05:43
5373560768937,Michael,Brown,57,6032105714644,2023-09-13 00:05:43
5373560768937,Michael,Brown,57,6032105714644,2023-09-13 00:05:43
7495896008715,William,Johnson,18,6501322169288,2023-09-13 00:05:43
7495896008715,William,Johnson,18,6501322169288,2023-09-13 00:05:43
3607377786303,William,Wilson,30,2190128202725,2023-09-13 00:05:43
3607377786303,William,Wilson,30,2190128202725,2023-09-13 00:05:43
8684396036319,Michael,Johnson,49,1869973491698,2023-09-13 00:05:43
8684396036319,Michael,Johnson,49,1869973491698,2023-09-13 00:05:43
7232134497916,Jane,Brown,23,0882639326667,2023-09-13 00:05:43
7232134497916,Jane,Brown,23,0882639326667,2023-09-13 00:05:43
0374470737784,John,Johnson,25,1352767983382,2023-09-13 00:05:43
5686871213379,Emma,Johnson,38,7961473026849,2023-09-13 00:05:43
9064880669436,John,Wilson,33,6352773634955,2023-09-13 00:05:43
9064880669436,John,Wilson,33,6352773634955,2023-09-13 00:05:43
2213619004883,John,Johnson,31,4661982240961,2023-09-13 00:05:43
2213619004883,John,Johnson,31,4661982240961,2023-09-13 00:05:43
3402118162297,Michael,Johnson,19,9121533444391,2023-09-13 00:05:43
2789071962026,Jane,Wilson,48,2280035194587,2023-09-13 00:05:43
3469156531398,Michael,Wilson,25,1401730784080,2023-09-13 00:05:43
2280647125545,John,Wilson,60,6550089400504,2023-09-13 00:05:43
2280647125545,John,Wilson,60,6550089400504,2023-09-13 00:05:43
1603183257741,William,Johnson,39,8561773481160,2023-09-13 00:05:43
3715429598539,Emma,Wilson,42,8030801846606,2023-09-13 00:05:43
7420640168365,Jane,Davis,32,5251173508204,2023-09-13 00:05:43
7420640168365,Jane,Davis,32,5251173508204,2023-09-13 00:05:43
9360286208122,John,Brown,34,6640192952728,2023-09-13 00:05:43
9360286208122,John,Brown,34,6640192952728,2023-09-13 00:05:43
2718014655499,William,Wilson,31,6931302560734,2023-09-13 00:05:43
2718014655499,William,Wilson,31,6931302560734,2023-09-13 00:05:43
7930495331887,Michael,Smith,44,2720118603399,2023-09-13 00:05:43
7930495331887,Michael,Smith,44,2720118603399,2023-09-13 00:05:43
3244996819465,John,Smith,57,6419134926856,2023-09-13 00:05:43
5030840713873,Emma,Davis,21,9969179150809,2023-09-13 00:05:43
4697688382468,Emma,Wilson,39,8600656182858,2023-09-13 00:05:43
4697688382468,Emma,Wilson,39,8600656182858,2023-09-13 00:05:43
0911089860764,Jane,Wilson,51,4591670427313,2023-09-13 00:05:43
0911089860764,Jane,Wilson,51,4591670427313,2023-09-13 00:05:43
8288953768592,William,Smith,38,8560993155519,2023-09-13 00:05:43
8288953768592,William,Smith,38,8560993155519,2023-09-13 00:05:43
7245826566129,Michael,Davis,22,1659496995504,2023-09-13 00:05:43
7245826566129,Michael,Davis,22,1659496995504,2023-09-13 00:05:43
2614835033586,John,Johnson,20,0860796503510,2023-09-13 00:05:43
2614835033586,John,Johnson,20,0860796503510,2023-09-13 00:05:43
7935236719973,John,Johnson,33,6559412646177,2023-09-13 00:05:43
7935236719973,John,Johnson,33,6559412646177,2023-09-13 00:05:43
9104064165310,Michael,Wilson,28,4930711154183,2023-09-13 00:05:43
2224690295106,Jane,Brown,30,5400749719608,2023-09-13 00:05:43
4692329640452,Jane,Smith,28,5619040327634,2023-09-13 00:05:43
4692329640452,Jane,Smith,28,5619040327634,2023-09-13 00:05:43
4692329640452,Jane,Smith,28,5619040327634,2023-09-13 00:05:43
9804820128830,William,Smith,40,9200067460171,2023-09-13 00:05:43
9804820128830,William,Smith,40,9200067460171,2023-09-13 00:05:43
2727156458827,Jane,Wilson,42,9779094825615,2023-09-13 00:05:43
4105174822074,John,Brown,39,9188274423621,2023-09-13 00:05:43
9417465381652,Emma,Brown,52,5869080546186,2023-09-13 00:05:43
5628866077068,Emma,Brown,21,1458806889723,2023-09-13 00:05:43
3942367853555,Jane,Johnson,34,7149812902488,2023-09-13 00:05:43
5319096020792,John,Smith,30,5558822510206,2023-09-13 00:05:43
6744976464796,Jane,Wilson,55,7839644978508,2023-09-13 00:05:43
5821841282512,William,Brown,42,2818165726512,2023-09-13 00:05:43
5821841282512,William,Brown,42,2818165726512,2023-09-13 00:05:43
3255678009897,Jane,Wilson,56,6078981215493,2023-09-13 00:05:43
2568934133893,John,Johnson,36,8089683397070,2023-09-13 00:05:43
4701570443681,William,Smith,38,9558613771795,2023-09-13 00:05:43
3014814688887,Emma,Brown,19,0569216753072,2023-09-13 00:05:43
0745432713415,John,Smith,43,0217978591754,2023-09-13 00:05:43
3448643394262,Emma,Wilson,35,7448259252252,2023-09-13 00:05:43
2761017528168,Michael,Johnson,56,8449734234639,2023-09-13 00:05:43
2761017528168,Michael,Johnson,56,8449734234639,2023-09-13 00:05:43
7093408015755,Michael,Johnson,26,4238540376176,2023-09-13 00:05:43
7093408015755,Michael,Johnson,26,4238540376176,2023-09-13 00:05:43
7093408015755,Michael,Johnson,26,4238540376176,2023-09-13 00:05:43
3206809793163,John,Brown,39,0929457489831,2023-09-13 00:05:43
3206809793163,John,Brown,39,0929457489831,2023-09-13 00:05:43
5663628247500,William,Wilson,36,0118566098757,2023-09-13 00:05:43
5663628247500,William,Wilson,36,0118566098757,2023-09-13 00:05:43
1877119726815,Michael,Smith,49,6919572331214,2023-09-13 00:05:43
1877119726815,Michael,Smith,49,6919572331214,2023-09-13 00:05:43
3019455956883,William,Johnson,50,5288500797938,2023-09-13 00:05:43
2076510754409,Michael,Wilson,37,9357023545844,2023-09-13 00:05:43
4442347128876,Michael,Brown,32,7769332153950,2023-09-13 00:05:43
4442347128876,Michael,Brown,32,7769332153950,2023-09-13 00:05:43
6465785458644,Jane,Johnson,36,8038360518574,2023-09-13 00:05:43
6465785458644,Jane,Johnson,36,8038360518574,2023-09-13 00:05:43
7978249693842,John,Davis,58,9047835319952,2023-09-13 00:05:43
7978249693842,John,Davis,58,9047835319952,2023-09-13 00:05:43
6301595507778,William,Davis,38,0048337392539,2023-09-13 00:05:43
6301595507778,William,Davis,38,0048337392539,2023-09-13 00:05:43
5468459525504,Michael,Johnson,25,5137850230525,2023-09-13 00:05:43
1670950202982,John,Wilson,38,1728876375080,2023-09-13 00:05:43
1670950202982,John,Wilson,38,1728876375080,2023-09-13 00:05:43
6814151780598,Emma,Wilson,50,7617683698527,2023-09-13 00:05:43
6814151780598,Emma,Wilson,50,7617683698527,2023-09-13 00:05:43
5161024788116,Jane,Brown,35,9606104346710,2023-09-13 00:05:43
0146024130322,William,Brown,55,8376838438686,2023-09-13 00:05:43
9459368264350,Emma,Wilson,34,8387413219263,2023-09-13 00:05:43
9459368264350,Emma,Wilson,34,8387413219263,2023-09-13 00:05:43
8863725497456,Michael,Wilson,58,9388915212850,2023-09-13 00:05:43
8863725497456,Michael,Wilson,58,9388915212850,2023-09-13 00:05:43
7140898415083,John,Brown,44,4457438150844,2023-09-13 00:05:43
7140898415083,John,Brown,44,4457438150844,2023-09-13 00:05:43
8127761215831,William,Davis,29,6246951800830,2023-09-13 00:05:43
8127761215831,William,Davis,29,6246951800830,2023-09-13 00:05:43
8127761215831,William,Davis,29,6246951800830,2023-09-13 00:05:43
0575490660078,Emma,Smith,26,6757061318846,2023-09-13 00:05:43
0575490660078,Emma,Smith,26,6757061318846,2023-09-13 00:05:43
6887991348664,Jane,Johnson,39,2346977631303,2023-09-13 00:05:43
6887991348664,Jane,Johnson,39,2346977631303,2023-09-13 00:05:43
6887991348664,Jane,Johnson,39,2346977631303,2023-09-13 00:05:43
5964834166210,William,Brown,23,4417498581398,2023-09-13 00:05:43
0842855618419,Michael,Davis,44,3386232470462,2023-09-13 00:05:43
0842855618419,Michael,Davis,44,3386232470462,2023-09-13 00:05:43
3210661962566,Jane,Johnson,40,1596233088578,2023-09-13 00:05:43
5676600329932,William,Davis,35,1977523697584,2023-09-13 00:05:43
4743563327559,Michael,Brown,22,3066044434579,2023-09-13 00:05:43
4743563327559,Michael,Brown,22,3066044434579,2023-09-13 00:05:43
9967764813147,Michael,Smith,34,9655850559036,2023-09-13 00:05:43
9967764813147,Michael,Smith,34,9655850559036,2023-09-13 00:05:43
5279265592554,John,Smith,47,5346776892691,2023-09-13 00:05:43
5279265592554,John,Smith,47,5346776892691,2023-09-13 00:05:43
9647174936991,William,Smith,43,3755878400607,2023-09-13 00:05:43
9647174936991,William,Smith,43,3755878400607,2023-09-13 00:05:43
1824902202046,Michael,Davis,40,3936087917725,2023-09-13 00:05:43
0845475094215,John,Smith,33,8095528513217,2023-09-13 00:05:43
6395377987270,Emma,Wilson,39,1617394989276,2023-09-13 00:05:43
1526778475688,Emma,Wilson,52,7506100002711,2023-09-13 00:05:43
1526778475688,Emma,Wilson,52,7506100002711,2023-09-13 00:05:43
4449104605655,John,Davis,54,8775330479357,2023-09-13 00:05:43
4449104605655,John,Davis,54,8775330479357,2023-09-13 00:05:43
4449104605655,John,Davis,54,8775330479357,2023-09-13 00:05:43
9096988508312,John,Brown,60,3306126743384,2023-09-13 00:05:43
9096988508312,John,Brown,60,3306126743384,2023-09-13 00:05:43
5238489084928,Emma,Davis,30,9287142068841,2023-09-13 00:05:43
5238489084928,Emma,Davis,30,9287142068841,2023-09-13 00:05:43
5238489084928,Emma,Davis,30,9287142068841,2023-09-13 00:05:43
1442870860306,Jane,Johnson,42,5876958101306,2023-09-13 00:05:43
1442870860306,Jane,Johnson,42,5876958101306,2023-09-13 00:05:43
9709743760132,John,Wilson,29,8965471051591,2023-09-13 00:05:43
9709743760132,John,Wilson,29,8965471051591,2023-09-13 00:05:43
4975572035309,William,Brown,25,5156661567308,2023-09-13 00:05:43
6098107265367,Jane,Smith,28,6625788922022,2023-09-13 00:05:43
8466826711413,Jane,Davis,24,6035990530058,2023-09-13 00:05:43
4442944083742,Emma,Brown,42,3704724412123,2023-09-13 00:05:43
9992718984407,Emma,Wilson,49,8305520988150,2023-09-13 00:05:43
8079681974235,Michael,Smith,36,0396043636056,2023-09-13 00:05:43
8079681974235,Michael,Smith,36,0396043636056,2023-09-13 00:05:43
4280982460641,John,Smith,48,6085959951613,2023-09-13 00:05:43
4280982460641,John,Smith,48,6085959951613,2023-09-13 00:05:43
6659811826088,Michael,Davis,44,6496059467629,2023-09-13 00:05:43
6659811826088,Michael,Davis,44,6496059467629,2023-09-13 00:05:43
4093648623363,William,Brown,60,3554082967808,2023-09-13 00:05:43
8269656099500,Emma,Wilson,56,1836384573816,2023-09-13 00:05:43
0382092129577,Emma,Davis,57,1235311920351,2023-09-13 00:05:43
0382092129577,Emma,Davis,57,1235311920351,2023-09-13 00:05:43
9795358352503,Jane,Smith,38,3334814921936,2023-09-13 00:05:43
9795358352503,Jane,Smith,38,3334814921936,2023-09-13 00:05:43
9795358352503,Jane,Smith,38,3334814921936,2023-09-13 00:05:43
2163387708940,William,Davis,33,1525116539944,2023-09-13 00:05:43
2163387708940,William,Davis,33,1525116539944,2023-09-13 00:05:43
0140250706476,Michael,Wilson,20,5514637387938,2023-09-13 00:05:43
0140250706476,Michael,Wilson,20,5514637387938,2023-09-13 00:05:43
3597069973833,Michael,Davis,59,3025846995046,2023-09-13 00:05:43
3597069973833,Michael,Davis,59,3025846995046,2023-09-13 00:05:43
8800460659221,John,Brown,28,9604632018501,2023-09-13 00:05:43
8800460659221,John,Brown,28,9604632018501,2023-09-13 00:05:43
0943896989298,William,Smith,32,9173662493925,2023-09-13 00:05:43
3109825135455,Jane,Davis,27,9365971001041,2023-09-13 00:05:43
2476798133282,William,Johnson,57,2454494821057,2023-09-13 00:05:43
6399024264059,Emma,Smith,58,2823412205671,2023-09-13 00:05:43
6399024264059,Emma,Smith,58,2823412205671,2023-09-13 00:05:43
8767052638316,Jane,Brown,56,0134621813780,2023-09-13 00:05:43
8767052638316,Jane,Brown,56,0134621813780,2023-09-13 00:05:43
7070309862322,John,Wilson,35,1145226895165,2023-09-13 00:05:43
7070309862322,John,Wilson,35,1145226895165,2023-09-13 00:05:43
3392800539910,John,Davis,47,8924030938622,2023-09-13 00:05:43
3392800539910,John,Davis,47,8924030938622,2023-09-13 00:05:43
3392800539910,John,Davis,47,8924030938622,2023-09-13 00:05:43
8704001017315,Michael,Davis,60,4615936251367,2023-09-13 00:05:43
8704001017315,Michael,Davis,60,4615936251367,2023-09-13 00:05:43
4027592793903,John,Davis,30,0204743396824,2023-09-13 00:05:43
8070463063758,Jane,Johnson,35,1063090105983,2023-09-13 00:05:43
4294864742046,Jane,Wilson,47,7852716248449,2023-09-13 00:05:43
4294864742046,Jane,Wilson,47,7852716248449,2023-09-13 00:05:43
3607100774072,John,Johnson,28,9663319329805,2023-09-13 00:05:43
0819601462659,Emma,Brown,41,5544225664362,2023-09-13 00:05:43
6150802149045,Jane,Brown,53,1133031787827,2023-09-13 00:05:43
6150802149045,Jane,Brown,53,1133031787827,2023-09-13 00:05:43
8509831695312,John,Smith,49,8544321295945,2023-09-13 00:05:43
8509831695312,John,Smith,49,8544321295945,2023-09-13 00:05:43
6863668301767,Michael,Wilson,22,5402166793124,2023-09-13 00:05:43
8011686658924,John,Johnson,18,5994366301130,2023-09-13 00:05:43
4323887334519,John,Brown,30,1593182614697,2023-09-13 00:05:43
4323887334519,John,Brown,30,1593182614697,2023-09-13 00:05:43
6702816780766,Michael,Wilson,28,9984481222703,2023-09-13 00:05:43
6702816780766,Michael,Wilson,28,9984481222703,2023-09-13 00:05:43
5879779508405,Jane,Smith,55,3073904070799,2023-09-13 00:05:43
5879779508405,Jane,Smith,55,3073904070799,2023-09-13 00:05:43
0090270285890,John,Johnson,25,9662620115254,2023-09-13 00:05:43
0090270285890,John,Johnson,25,9662620115254,2023-09-13 00:05:43
0090270285890,John,Johnson,25,9662620115254,2023-09-13 00:05:43
8202471971488,Emma,Johnson,38,5353615238711,2023-09-13 00:05:43
8202471971488,Emma,Johnson,38,5353615238711,2023-09-13 00:05:43
0670480417645,Jane,Wilson,35,3752726846827,2023-09-13 00:05:43
9401971001092,William,Johnson,28,8811165542321,2023-09-13 00:05:43
8015217134008,Emma,Davis,49,0812760544708,2023-09-13 00:05:43
8015217134008,Emma,Davis,49,0812760544708,2023-09-13 00:05:43
4228618612506,Emma,Davis,19,6502476657463,2023-09-13 00:05:43
9560119308993,Jane,Johnson,32,2193482790000,2023-09-13 00:05:43
9560119308993,Jane,Johnson,32,2193482790000,2023-09-13 00:05:43
5772310167589,William,Brown,44,8882208015575,2023-09-13 00:05:43
5772310167589,William,Brown,44,8882208015575,2023-09-13 00:05:43
4839283885128,Michael,Smith,31,0871729962560,2023-09-13 00:05:43
4839283885128,Michael,Smith,31,0871729962560,2023-09-13 00:05:43
4839283885128,Michael,Smith,31,0871729962560,2023-09-13 00:05:43
6207292329572,Jane,Brown,26,0282901571577,2023-09-13 00:05:43
6207292329572,Jane,Brown,26,0282901571577,2023-09-13 00:05:43
1419693017960,William,Davis,39,6961725614034,2023-09-13 00:05:43
1419693017960,William,Davis,39,6961725614034,2023-09-13 00:05:43
6897422272227,William,Smith,37,4352026122140,2023-09-13 00:05:43
1875420824235,Jane,Smith,55,3021761183013,2023-09-13 00:05:43
0186886968441,John,Brown,36,4033353185690,2023-09-13 00:05:43
0186886968441,John,Brown,36,4033353185690,2023-09-13 00:05:43
2535795202608,William,Wilson,31,2442363693606,2023-09-13 00:05:43
2535795202608,William,Wilson,31,2442363693606,2023-09-13 00:05:43
1612668223435,Jane,Brown,18,5313886541692,2023-09-13 00:05:43
0789531121083,William,Davis,45,9492309490888,2023-09-13 00:05:43
0789531121083,William,Davis,45,9492309490888,2023-09-13 00:05:43
6902822607669,William,Wilson,58,5281195513343,2023-09-13 00:05:43
8379861153716,Michael,Johnson,56,3492304021259,2023-09-13 00:05:43
8379861153716,Michael,Johnson,56,3492304021259,2023-09-13 00:05:43
4693252830313,Michael,Brown,25,9181111164916,2023-09-13 00:05:43
2414723424561,John,Wilson,18,4230669851310,2023-09-13 00:05:43
0981506336538,Emma,Davis,24,9041658127456,2023-09-13 00:05:43
6193807002933,Jane,Wilson,37,5641464440913,2023-09-13 00:05:43
6193807002933,Jane,Wilson,37,5641464440913,2023-09-13 00:05:43
8542836269280,John,Johnson,33,3832673058029,2023-09-13 00:05:43
8542836269280,John,Johnson,33,3832673058029,2023-09-13 00:05:43
7629709267819,William,Brown,19,7921996808015,2023-09-13 00:05:43
7629709267819,William,Brown,19,7921996808015,2023-09-13 00:05:43
9741035307694,Jane,Johnson,21,8490114283659,2023-09-13 00:05:43
9741035307694,Jane,Johnson,21,8490114283659,2023-09-13 00:05:43
1119064751041,John,Wilson,59,6801405891465,2023-09-13 00:05:43
1119064751041,John,Wilson,59,6801405891465,2023-09-13 00:05:43
4386873218298,John,Davis,57,4090515407572,2023-09-13 00:05:43
2317363800657,Jane,Smith,50,9149956993196,2023-09-13 00:05:43
5811775482183,Jane,Brown,39,6560237635593,2023-09-13 00:05:43
0233176169779,Emma,Brown,52,2252051978130,2023-09-13 00:05:43
8547477825176,Emma,Davis,21,8861067091895,2023-09-13 00:05:43
3788876313764,Jane,Davis,34,4552774334352,2023-09-13 00:05:43
3788876313764,Jane,Davis,34,4552774334352,2023-09-13 00:05:43
6937884877909,Jane,Johnson,30,4941063942268,2023-09-13 00:05:43
6937884877909,Jane,Johnson,30,4941063942268,2023-09-13 00:05:43
5214748776758,William,Brown,59,6920386592364,2023-09-13 00:05:43
3381613596284,Jane,Smith,46,0011809442358,2023-09-13 00:05:43
3381613596284,Jane,Smith,46,0011809442358,2023-09-13 00:05:43
5714315948277,Emma,Davis,28,1399521878359,2023-09-13 00:05:43
3894278769006,Michael,Johnson,58,5360052428345�w3�\6������a,2023-09-13 00:05:43
3894278769006,Michael,Johnson,58,5360052428345�a,2023-09-13 00:05:43
6240205203243,Jane,Wilson,53,3870152234451,2023-09-13 00:05:43
6240205203243,Jane,Wilson,53,3870152234451���,2023-09-13 00:05:43
1562686991858,William,Wilson,23,9461168379918,2023-09-13 00:05:43
1562686991858,William,Wilson,23,9461168379918Sw,2023-09-13 00:05:43
9795887477146,Michael,Davis,35,5140964492473,2023-09-13 00:05:43
9795887477146,Michael,Davis,35,5140964492473Sw,2023-09-13 00:05:43
4917388154722,John,Davis,48,1931670735110,2023-09-13 00:05:43
3084253952370,William,Johnson,35,5820193484126<@,2023-09-13 00:05:43
