ID,First Name,Last Name,Age,Register Time
6687057707820,John,Davis,58,2023-09-12 03:19:54
6257266930682,William,Davis,32,2023-09-12 03:19:54
6257266930682,William,Davis,32,2023-09-12 03:19:54
5334330748409,Jane,Wilson,31,2023-09-12 03:19:54
5334330748409,Jane,Wilson,31,2023-09-12 03:19:54
0648531434816,Michael,Smith,23,2023-09-12 03:19:54
0648531434816,Michael,Smith,23,2023-09-12 03:19:54
9825494433643,Jane,Johnson,24,2023-09-12 03:19:54
5136995911921,Emma,Wilson,57,2023-09-12 03:19:54
5136995911921,Emma,Wilson,57,2023-09-12 03:19:54
5136995911921,Emma,Wilson,57,2023-09-12 03:19:54
0358396697338,William,Johnson,49,2023-09-12 03:19:54
0358396697338,William,Johnson,49,2023-09-12 03:19:54
0358396697338,William,Johnson,49,2023-09-12 03:19:54
2727105044785,Jane,Davis,33,2023-09-12 03:19:54
2727105044785,Jane,Davis,33,2023-09-12 03:19:54
2727105044785,Jane,Davis,33,2023-09-12 03:19:54
1804078862302,Jane,Wilson,32,2023-09-12 03:19:54
1804078862302,Jane,Wilson,32,2023-09-12 03:19:54
0951132860158,Emma,Wilson,31,2023-09-12 03:19:54
0951132860158,Emma,Wilson,31,2023-09-12 03:19:54
0951132860158,Emma,Wilson,31,2023-09-12 03:19:54
3339960226395,Emma,Wilson,59,2023-09-12 03:19:54
3339960226395,Emma,Wilson,59,2023-09-12 03:19:54
3339960226395,Emma,Wilson,59,2023-09-12 03:19:54
0541361793883,William,Smith,51,2023-09-12 03:19:54
0541361793883,William,Smith,51,2023-09-12 03:19:54
6763862579299,Emma,Johnson,43,2023-09-12 03:19:54
6763862579299,Emma,Johnson,43,2023-09-12 03:19:54
5832736499017,Michael,Brown,42,2023-09-12 03:19:54
5832736499017,Michael,Brown,42,2023-09-12 03:19:54
5832736499017,Michael,Brown,42,2023-09-12 03:19:54
7218544733264,John,Johnson,24,2023-09-12 03:19:54
7218544733264,John,Johnson,24,2023-09-12 03:19:54
7218544733264,John,Johnson,24,2023-09-12 03:19:54
2522945422870,Jane,Davis,59,2023-09-12 03:19:54
2522945422870,Jane,Davis,59,2023-09-12 03:19:54
2522945422870,Jane,Davis,59,2023-09-12 03:19:54
8733346108257,Michael,Wilson,51,2023-09-12 03:19:54
8733346108257,Michael,Wilson,51,2023-09-12 03:19:54
8733346108257,Michael,Wilson,51,2023-09-12 03:19:54
7810200906984,Michael,Smith,52,2023-09-12 03:19:54
7810200906984,Michael,Smith,52,2023-09-12 03:19:54
6198173924530,William,Smith,51,2023-09-12 03:19:54
6198173924530,William,Smith,51,2023-09-12 03:19:54
1309674403118,John,Brown,43,2023-09-12 03:19:54
1309674403118,John,Brown,43,2023-09-12 03:19:54
1309674403118,John,Brown,43,2023-09-12 03:19:54
4558483857365,John,Johnson,25,2023-09-12 03:19:54
4558483857365,John,Johnson,25,2023-09-12 03:19:54
4835356855111,Michael,Brown,26,2023-09-12 03:19:54
4835356855111,Michael,Brown,26,2023-09-12 03:19:54
3148612089019,William,Brown,43,2023-09-12 03:19:54
3148612089019,William,Brown,43,2023-09-12 03:19:54
2225586808846,Jane,Brown,44,2023-09-12 03:19:54
2225586808846,Jane,Brown,44,2023-09-12 03:19:54
8537977586254,Michael,Wilson,36,2023-09-12 03:19:54
8537977586254,Michael,Wilson,36,2023-09-12 03:19:54
0659513596211,Emma,Wilson,44,2023-09-12 03:19:54
0659513596211,Emma,Wilson,44,2023-09-12 03:19:54
0659513596211,Emma,Wilson,44,2023-09-12 03:19:54
9736476514848,Michael,Wilson,43,2023-09-12 03:19:54
9736476514848,Michael,Wilson,43,2023-09-12 03:19:54
9736476514848,Michael,Wilson,43,2023-09-12 03:19:54
5406350417833,John,Smith,52,2023-09-12 03:19:54
5406350417833,John,Smith,52,2023-09-12 03:19:54
5406350417833,John,Smith,52,2023-09-12 03:19:54
3453223235451,John,Johnson,53,2023-09-12 03:19:54
3453223235451,John,Johnson,53,2023-09-12 03:19:54
2204684019808,John,Brown,32,2023-09-12 03:19:54
2204684019808,John,Brown,32,2023-09-12 03:19:54
5906815679355,Michael,Wilson,35,2023-09-12 03:19:54
5906815679355,Michael,Wilson,35,2023-09-12 03:19:54
5906815679355,Michael,Wilson,35,2023-09-12 03:19:54
2220316166932,Emma,Smith,27,2023-09-12 03:19:54
2220316166932,Emma,Smith,27,2023-09-12 03:19:54
1277280174589,John,Johnson,28,2023-09-12 03:19:54
1277280174589,John,Johnson,28,2023-09-12 03:19:54
3410515214556,Jane,Smith,36,2023-09-12 03:19:54
3410515214556,Jane,Smith,36,2023-09-12 03:19:54
9967499007311,William,Johnson,45,2023-09-12 03:19:54
9967499007311,William,Johnson,45,2023-09-12 03:19:54
9967499007311,William,Johnson,45,2023-09-12 03:19:54
5189890895829,John,Davis,37,2023-09-12 03:19:54
5189890895829,John,Davis,37,2023-09-12 03:19:54
5189890895829,John,Davis,37,2023-09-12 03:19:54
0411391571207,Jane,Johnson,29,2023-09-12 03:19:54
2297224375995,John,Wilson,60,2023-09-12 03:19:54
2297224375995,John,Wilson,60,2023-09-12 03:19:54
2297224375995,John,Wilson,60,2023-09-12 03:19:54
8747128297680,Emma,Brown,27,2023-09-12 03:19:54
8747128297680,Emma,Brown,27,2023-09-12 03:19:54
8747128297680,Emma,Brown,27,2023-09-12 03:19:54
7150464402888,William,Smith,45,2023-09-12 03:19:54
7150464402888,William,Smith,45,2023-09-12 03:19:54
7150464402888,William,Smith,45,2023-09-12 03:19:54
2372965980274,John,Wilson,37,2023-09-12 03:19:54
2372965980274,John,Wilson,37,2023-09-12 03:19:54
2372965980274,John,Wilson,37,2023-09-12 03:19:54
0683366666581,Michael,Smith,29,2023-09-12 03:19:54
0683366666581,Michael,Smith,29,2023-09-12 03:19:54
0683366666581,Michael,Smith,29,2023-09-12 03:19:54
6827767353167,Emma,Brown,21,2023-09-12 03:19:54
6827767353167,Emma,Brown,21,2023-09-12 03:19:54
6827767353167,Emma,Brown,21,2023-09-12 03:19:54
4974621171795,Michael,Brown,20,2023-09-12 03:19:54
4974621171795,Michael,Brown,20,2023-09-12 03:19:54
0116922839301,Emma,Wilson,55,2023-09-12 03:19:54
0116922839301,Emma,Wilson,55,2023-09-12 03:19:54
0116922839301,Emma,Wilson,55,2023-09-12 03:19:54
6328303515789,Michael,Brown,46,2023-09-12 03:19:54
1305321987997,Jane,Wilson,19,2023-09-12 03:19:54
1305321987997,Jane,Wilson,19,2023-09-12 03:19:54
1305321987997,Jane,Wilson,19,2023-09-12 03:19:54
7853205880682,William,Smith,30,2023-09-12 03:19:54
7853205880682,William,Smith,30,2023-09-12 03:19:54
9976631810640,John,Smith,38,2023-09-12 03:19:54
9976631810640,John,Smith,38,2023-09-12 03:19:54
9976631810640,John,Smith,38,2023-09-12 03:19:54
5543434713417,John,Johnson,48,2023-09-12 03:19:54
5543434713417,John,Johnson,48,2023-09-12 03:19:54
5543434713417,John,Johnson,48,2023-09-12 03:19:54
7666860043404,Jane,Smith,56,2023-09-12 03:19:54
7666860043404,Jane,Smith,56,2023-09-12 03:19:54
8979116177400,Michael,Johnson,31,2023-09-12 03:19:54
8979116177400,Michael,Johnson,31,2023-09-12 03:19:54
3281617763998,Emma,Brown,23,2023-09-12 03:19:54
3281617763998,Emma,Brown,23,2023-09-12 03:19:54
9168616215024,John,Wilson,38,2023-09-12 03:19:54
9168616215024,John,Wilson,38,2023-09-12 03:19:54
1389941245082,Jane,Wilson,46,2023-09-12 03:19:54
1389941245082,Jane,Wilson,46,2023-09-12 03:19:54
7858845168759,Jane,Smith,58,2023-09-12 03:19:54
7858845168759,Jane,Smith,58,2023-09-12 03:19:54
2070246844356,John,Johnson,48,2023-09-12 03:19:54
2070246844356,John,Johnson,48,2023-09-12 03:19:54
2070246844356,John,Johnson,48,2023-09-12 03:19:54
5449055391503,John,Smith,33,2023-09-12 03:19:54
5449055391503,John,Smith,33,2023-09-12 03:19:54
5449055391503,John,Smith,33,2023-09-12 03:19:54
0650556877199,Jane,Brown,24,2023-09-12 03:19:54
0650556877199,Jane,Brown,24,2023-09-12 03:19:54
0650556877199,Jane,Brown,24,2023-09-12 03:19:54
6972947553496,Michael,Davis,59,2023-09-12 03:19:54
6972947553496,Michael,Davis,59,2023-09-12 03:19:54
6972947553496,Michael,Davis,59,2023-09-12 03:19:54
1186448231082,Emma,Smith,49,2023-09-12 03:19:54
1186448231082,Emma,Smith,49,2023-09-12 03:19:54
1186448231082,Emma,Smith,49,2023-09-12 03:19:54
5028784371870,William,Wilson,57,2023-09-12 03:19:54
5028784371870,William,Wilson,57,2023-09-12 03:19:54
4639040486078,John,Wilson,33,2023-09-12 03:19:54
4639040486078,John,Wilson,33,2023-09-12 03:19:54
7552676516845,Jane,Wilson,41,2023-09-12 03:19:54
7552676516845,Jane,Wilson,41,2023-09-12 03:19:54
9920494980212,William,Johnson,23,2023-09-12 03:19:54
9920494980212,William,Johnson,23,2023-09-12 03:19:54
9920494980212,William,Johnson,23,2023-09-12 03:19:54
8087358989738,Emma,Brown,24,2023-09-12 03:19:54
8087358989738,Emma,Brown,24,2023-09-12 03:19:54
8087358989738,Emma,Brown,24,2023-09-12 03:19:54
7690622113944,Michael,Brown,43,2023-09-12 03:19:54
7690622113944,Michael,Brown,43,2023-09-12 03:19:54
2812013691342,William,Wilson,35,2023-09-12 03:19:54
2812013691342,William,Wilson,35,2023-09-12 03:19:54
2812013691342,William,Wilson,35,2023-09-12 03:19:54
4744651831319,William,Davis,41,2023-09-12 03:19:54
4744651831319,William,Davis,41,2023-09-12 03:19:54
4744651831319,William,Davis,41,2023-09-12 03:19:54
0066852418705,John,Smith,33,2023-09-12 03:19:54
0066852418705,John,Smith,33,2023-09-12 03:19:54
0066852418705,John,Smith,33,2023-09-12 03:19:54
6270353194303,Jane,Johnson,25,2023-09-12 03:19:54
6270353194303,Jane,Johnson,25,2023-09-12 03:19:54
6270353194303,Jane,Johnson,25,2023-09-12 03:19:54
3491724882690,Michael,Smith,59,2023-09-12 03:19:54
3491724882690,Michael,Smith,59,2023-09-12 03:19:54
5860560226047,Michael,Brown,44,2023-09-12 03:19:54
5860560226047,Michael,Brown,44,2023-09-12 03:19:54
5860560226047,Michael,Brown,44,2023-09-12 03:19:54
1182951715443,Emma,Davis,34,2023-09-12 03:19:54
1182951715443,Emma,Davis,34,2023-09-12 03:19:54
1182951715443,Emma,Davis,34,2023-09-12 03:19:54
0459827713271,Jane,Wilson,35,2023-09-12 03:19:54
0459827713271,Jane,Wilson,35,2023-09-12 03:19:54
0459827713271,Jane,Wilson,35,2023-09-12 03:19:54
5670328299667,Michael,Brown,27,2023-09-12 03:19:54
5670328299667,Michael,Brown,27,2023-09-12 03:19:54
5670328299667,Michael,Brown,27,2023-09-12 03:19:54
4749291217204,Jane,Johnson,26,2023-09-12 03:19:54
4749291217204,Jane,Johnson,26,2023-09-12 03:19:54
7106200754551,William,Smith,51,2023-09-12 03:19:54
7106200754551,William,Smith,51,2023-09-12 03:19:54
7106200754551,William,Smith,51,2023-09-12 03:19:54
2310401240948,John,Brown,43,2023-09-12 03:19:54
2310401240948,John,Brown,43,2023-09-12 03:19:54
1497364148785,Michael,Brown,44,2023-09-12 03:19:54
1497364148785,Michael,Brown,44,2023-09-12 03:19:54
3863391605932,Michael,Brown,27,2023-09-12 03:19:54
3863391605932,Michael,Brown,27,2023-09-12 03:19:54
7785739625909,Emma,Wilson,35,2023-09-12 03:19:54
7785739625909,Emma,Wilson,35,2023-09-12 03:19:54
7785739625909,Emma,Wilson,35,2023-09-12 03:19:54
7399093859927,William,Wilson,54,2023-09-12 03:19:54
7399093859927,William,Wilson,54,2023-09-12 03:19:54
7399093859927,William,Wilson,54,2023-09-12 03:19:54
5130765441374,John,Smith,35,2023-09-12 03:19:54
5130765441374,John,Smith,35,2023-09-12 03:19:54
1687349354049,Emma,Davis,44,2023-09-12 03:19:54
1687349354049,Emma,Davis,44,2023-09-12 03:19:54
3056376700406,Michael,Johnson,27,2023-09-12 03:19:54
3056376700406,Michael,Johnson,27,2023-09-12 03:19:54
3056376700406,Michael,Johnson,27,2023-09-12 03:19:54
9278777586894,Emma,Brown,19,2023-09-12 03:19:54
9278777586894,Emma,Brown,19,2023-09-12 03:19:54
7091239170241,William,Davis,43,2023-09-12 03:19:54
7091239170241,William,Davis,43,2023-09-12 03:19:54
3568931963028,Michael,Johnson,55,2023-09-12 03:19:54
3568931963028,Michael,Johnson,55,2023-09-12 03:19:54
2615007981855,William,Smith,54,2023-09-12 03:19:54
2615007981855,William,Smith,54,2023-09-12 03:19:54
2615007981855,William,Smith,54,2023-09-12 03:19:54
8957278467142,John,Davis,45,2023-09-12 03:19:54
8957278467142,John,Davis,45,2023-09-12 03:19:54
8957278467142,John,Davis,45,2023-09-12 03:19:54
2206214913509,John,Smith,28,2023-09-12 03:19:54
2206214913509,John,Smith,28,2023-09-12 03:19:54
2206214913509,John,Smith,28,2023-09-12 03:19:54
4682043360756,Emma,Smith,56,2023-09-12 03:19:54
4682043360756,Emma,Smith,56,2023-09-12 03:19:54
3405516942123,Emma,Johnson,35,2023-09-12 03:19:54
3405516942123,Emma,Johnson,35,2023-09-12 03:19:54
9073307864980,Emma,Brown,47,2023-09-12 03:19:54
9073307864980,Emma,Brown,47,2023-09-12 03:19:54
4958408116196,John,Wilson,19,2023-09-12 03:19:54
6307136661253,John,Davis,47,2023-09-12 03:19:54
5710580795461,Jane,Davis,22,2023-09-12 03:19:54
5710580795461,Jane,Davis,22,2023-09-12 03:19:54
1922981573857,Emma,Wilson,55,2023-09-12 03:19:54
1922981573857,Emma,Wilson,55,2023-09-12 03:19:54
1922981573857,Emma,Wilson,55,2023-09-12 03:19:54
0209845291693,John,Smith,56,2023-09-12 03:19:54
0209845291693,John,Smith,56,2023-09-12 03:19:54
5422246058081,Jane,Johnson,48,2023-09-12 03:19:54
5422246058081,Jane,Johnson,48,2023-09-12 03:19:54
5422246058081,Jane,Johnson,48,2023-09-12 03:19:54
3734747746579,Michael,Davis,40,2023-09-12 03:19:54
3734747746579,Michael,Davis,40,2023-09-12 03:19:54
3734747746579,Michael,Davis,40,2023-09-12 03:19:54
9966128222974,Emma,Johnson,29,2023-09-12 03:19:54
9966128222974,Emma,Johnson,29,2023-09-12 03:19:54
9966128222974,Emma,Johnson,29,2023-09-12 03:19:54
4280429909562,William,Davis,21,2023-09-12 03:19:54
3775419386430,Jane,Wilson,26,2023-09-12 03:19:54
8222392279317,Jane,Smith,37,2023-09-12 03:19:54
8222392279317,Jane,Smith,37,2023-09-12 03:19:54
7636657403323,Michael,Smith,56,2023-09-12 03:19:54
7636657403323,Michael,Smith,56,2023-09-12 03:19:54
7169113538429,Emma,Smith,32,2023-09-12 03:19:54
7169113538429,Emma,Smith,32,2023-09-12 03:19:54
2372494024837,John,Brown,23,2023-09-12 03:19:54
2372494024837,John,Brown,23,2023-09-12 03:19:54
8694895802424,Jane,Davis,58,2023-09-12 03:19:54
8694895802424,Jane,Davis,58,2023-09-12 03:19:54
7761768700041,Emma,Wilson,57,2023-09-12 03:19:54
7761768700041,Emma,Wilson,57,2023-09-12 03:19:54
7761768700041,Emma,Wilson,57,2023-09-12 03:19:54
1120797045418,Jane,Davis,40,2023-09-12 03:19:54
1120797045418,Jane,Davis,40,2023-09-12 03:19:54
3030123285285,Jane,Davis,48,2023-09-12 03:19:54
2319096003812,Jane,Johnson,49,2023-09-12 03:19:54
7531497761319,Michael,Smith,39,2023-09-12 03:19:54
0709226236566,John,Brown,24,2023-09-12 03:19:54
0709226236566,John,Brown,24,2023-09-12 03:19:54
2176234672903,William,Johnson,49,2023-09-12 03:19:54
2176234672903,William,Johnson,49,2023-09-12 03:19:54
2176234672903,William,Johnson,49,2023-09-12 03:19:54
8399635168319,John,Davis,41,2023-09-12 03:19:54
8399635168319,John,Davis,41,2023-09-12 03:19:54
8399635168319,John,Davis,41,2023-09-12 03:19:54
3601936846906,Jane,Wilson,33,2023-09-12 03:19:54
3601936846906,Jane,Wilson,33,2023-09-12 03:19:54
9587935299905,William,Davis,48,2023-09-12 03:19:54
9587935299905,William,Davis,48,2023-09-12 03:19:54
8190291321031,John,Davis,24,2023-09-12 03:19:54
8190291321031,John,Davis,24,2023-09-12 03:19:54
5314692009428,Jane,Smith,59,2023-09-12 03:19:54
5314692009428,Jane,Smith,59,2023-09-12 03:19:54
4481565827265,Emma,Smith,59,2023-09-12 03:19:54
4481565827265,Emma,Smith,59,2023-09-12 03:19:54
4481565827265,Emma,Smith,59,2023-09-12 03:19:54
0702036514653,William,Brown,49,2023-09-12 03:19:54
0702036514653,William,Brown,49,2023-09-12 03:19:54
2071875050007,William,Johnson,34,2023-09-12 03:19:54
2071875050007,William,Johnson,34,2023-09-12 03:19:54
2071875050007,William,Johnson,34,2023-09-12 03:19:54
4093301090885,John,Wilson,42,2023-09-12 03:19:54
4093301090885,John,Wilson,42,2023-09-12 03:19:54
4093301090885,John,Wilson,42,2023-09-12 03:19:54
3504667225993,Jane,Wilson,18,2023-09-12 03:19:54
3504667225993,Jane,Wilson,18,2023-09-12 03:19:54
3504667225993,Jane,Wilson,18,2023-09-12 03:19:54
2683530223529,William,Smith,60,2023-09-12 03:19:54
2683530223529,William,Smith,60,2023-09-12 03:19:54
8895031709127,John,Johnson,51,2023-09-12 03:19:54
8895031709127,John,Johnson,51,2023-09-12 03:19:54
3871839251133,William,Smith,24,2023-09-12 03:19:54
3871839251133,William,Smith,24,2023-09-12 03:19:54
5585241832959,Jane,Brown,26,2023-09-12 03:19:54
3797742418267,Michael,Davis,18,2023-09-12 03:19:54
3797742418267,Michael,Davis,18,2023-09-12 03:19:54
9011143106853,Jane,Johnson,53,2023-09-12 03:19:54
9011143106853,Jane,Johnson,53,2023-09-12 03:19:54
9011143106853,Jane,Johnson,53,2023-09-12 03:19:54
4222344882231,Michael,Davis,45,2023-09-12 03:19:54
4222344882231,Michael,Davis,45,2023-09-12 03:19:54
3309207681087,Jane,Wilson,43,2023-09-12 03:19:54
3309207681087,Jane,Wilson,43,2023-09-12 03:19:54
3309207681087,Jane,Wilson,43,2023-09-12 03:19:54
5758216047234,William,Johnson,28,2023-09-12 03:19:54
5758216047234,William,Johnson,28,2023-09-12 03:19:54
5758216047234,William,Johnson,28,2023-09-12 03:19:54
4835189045052,Emma,Johnson,27,2023-09-12 03:19:54
6957515085840,William,Johnson,35,2023-09-12 03:19:54
6957515085840,William,Johnson,35,2023-09-12 03:19:54
5268081210956,John,Johnson,54,2023-09-12 03:19:54
5268081210956,John,Johnson,54,2023-09-12 03:19:54
1246889562954,Michael,Davis,26,2023-09-12 03:19:54
1246889562954,Michael,Davis,26,2023-09-12 03:19:54
1246889562954,Michael,Davis,26,2023-09-12 03:19:54
3949291242708,William,Brown,28,2023-09-12 03:19:54
3949291242708,William,Brown,28,2023-09-12 03:19:54
3949291242708,William,Brown,28,2023-09-12 03:19:54
1826019714717,Emma,Wilson,44,2023-09-12 03:19:54
1826019714717,Emma,Wilson,44,2023-09-12 03:19:54
1826019714717,Emma,Wilson,44,2023-09-12 03:19:54
6394983607674,Jane,Smith,55,2023-09-12 03:19:54
6394983607674,Jane,Smith,55,2023-09-12 03:19:54
5451856405220,William,Smith,54,2023-09-12 03:19:54
5451856405220,William,Smith,54,2023-09-12 03:19:54
5451856405220,William,Smith,54,2023-09-12 03:19:54
7593482645298,William,Smith,19,2023-09-12 03:19:54
7593482645298,William,Smith,19,2023-09-12 03:19:54
0942211109435,William,Brown,45,2023-09-12 03:19:54
0942211109435,William,Brown,45,2023-09-12 03:19:54
8029184800081,Michael,Davis,46,2023-09-12 03:19:54
1495013354438,Jane,Brown,28,2023-09-12 03:19:54
1495013354438,Jane,Brown,28,2023-09-12 03:19:54
3644821720675,William,Smith,54,2023-09-12 03:19:54
3644821720675,William,Smith,54,2023-09-12 03:19:54
2921795529321,Emma,Smith,55,2023-09-12 03:19:54
2921795529321,Emma,Smith,55,2023-09-12 03:19:54
4199723983568,Jane,Wilson,38,2023-09-12 03:19:54
4199723983568,Jane,Wilson,38,2023-09-12 03:19:54
4199723983568,Jane,Wilson,38,2023-09-12 03:19:54
2311124671156,Michael,Johnson,30,2023-09-12 03:19:54
2311124671156,Michael,Johnson,30,2023-09-12 03:19:54
2311124671156,Michael,Johnson,30,2023-09-12 03:19:54
7623425237563,Emma,Brown,22,2023-09-12 03:19:54
7623425237563,Emma,Brown,22,2023-09-12 03:19:54
7623425237563,Emma,Brown,22,2023-09-12 03:19:54
3846806916149,William,Johnson,56,2023-09-12 03:19:54
2113760934798,Michael,Wilson,55,2023-09-12 03:19:54
4370798188044,Michael,Wilson,40,2023-09-12 03:19:54
4370798188044,Michael,Wilson,40,2023-09-12 03:19:54
4370798188044,Michael,Wilson,40,2023-09-12 03:19:54
3649662106661,William,Wilson,39,2023-09-12 03:19:54
3649662106661,William,Wilson,39,2023-09-12 03:19:54
5569098117658,John,Wilson,47,2023-09-12 03:19:54
5569098117658,John,Wilson,47,2023-09-12 03:19:54
5569098117658,John,Wilson,47,2023-09-12 03:19:54
4072364341664,Jane,Brown,23,2023-09-12 03:19:54
4072364341664,Jane,Brown,23,2023-09-12 03:19:54
6015990681622,Michael,Brown,31,2023-09-12 03:19:54
6015990681622,Michael,Brown,31,2023-09-12 03:19:54
6015990681622,Michael,Brown,31,2023-09-12 03:19:54
2563773594319,Michael,Davis,40,2023-09-12 03:19:54
2563773594319,Michael,Davis,40,2023-09-12 03:19:54
3830637292145,William,Davis,39,2023-09-12 03:19:54
3830637292145,William,Davis,39,2023-09-12 03:19:54
5952073532903,John,Davis,47,2023-09-12 03:19:54
5952073532903,John,Davis,47,2023-09-12 03:19:54
7130001978370,John,Smith,32,2023-09-12 03:19:54
7130001978370,John,Smith,32,2023-09-12 03:19:54
7130001978370,John,Smith,32,2023-09-12 03:19:54
3342202464765,Jane,Wilson,24,2023-09-12 03:19:54
3342202464765,Jane,Wilson,24,2023-09-12 03:19:54
5711231921102,William,Johnson,49,2023-09-12 03:19:54
5711231921102,William,Johnson,49,2023-09-12 03:19:54
5711231921102,William,Johnson,49,2023-09-12 03:19:54
4878184929751,Jane,Brown,48,2023-09-12 03:19:54
4878184929751,Jane,Brown,48,2023-09-12 03:19:54
4878184929751,Jane,Brown,48,2023-09-12 03:19:54
6244913175098,Jane,Johnson,33,2023-09-12 03:19:54
6244913175098,Jane,Johnson,33,2023-09-12 03:19:54
5323876194624,Emma,Johnson,32,2023-09-12 03:19:54
5323876194624,Emma,Johnson,32,2023-09-12 03:19:54
4680740992471,Michael,Brown,31,2023-09-12 03:19:54
4680740992471,Michael,Brown,31,2023-09-12 03:19:54
0812141678858,William,Davis,23,2023-09-12 03:19:54
0812141678858,William,Davis,23,2023-09-12 03:19:54
7024642356446,John,Smith,58,2023-09-12 03:19:54
7024642356446,John,Smith,58,2023-09-12 03:19:54
0282550701611,Michael,Wilson,42,2023-09-12 03:19:54
0282550701611,Michael,Wilson,42,2023-09-12 03:19:54
5514851289199,Emma,Johnson,34,2023-09-12 03:19:54
5514851289199,Emma,Johnson,34,2023-09-12 03:19:54
1737252065586,William,Brown,24,2023-09-12 03:19:54
1737252065586,William,Brown,24,2023-09-12 03:19:54
1737252065586,William,Brown,24,2023-09-12 03:19:54
3848688005574,John,Brown,32,2023-09-12 03:19:54
3848688005574,John,Brown,32,2023-09-12 03:19:54
2261144230570,Michael,Brown,51,2023-09-12 03:19:54
2261144230570,Michael,Brown,51,2023-09-12 03:19:54
2261144230570,Michael,Brown,51,2023-09-12 03:19:54
7475345916167,Emma,Davis,43,2023-09-12 03:19:54
7475345916167,Emma,Davis,43,2023-09-12 03:19:54
0597971956955,Emma,Davis,51,2023-09-12 03:19:54
0597971956955,Emma,Davis,51,2023-09-12 03:19:54
5573989508151,John,Smith,23,2023-09-12 03:19:54
7287181189687,Michael,Brown,25,2023-09-12 03:19:54
7287181189687,Michael,Brown,25,2023-09-12 03:19:54
7287181189687,Michael,Brown,25,2023-09-12 03:19:54
5499682665295,Emma,Smith,60,2023-09-12 03:19:54
5499682665295,Emma,Smith,60,2023-09-12 03:19:54
7331928995052,William,Davis,25,2023-09-12 03:19:54
7331928995052,William,Davis,25,2023-09-12 03:19:54
9788956341229,William,Brown,51,2023-09-12 03:19:54
9788956341229,William,Brown,51,2023-09-12 03:19:54
5021257828815,John,Wilson,43,2023-09-12 03:19:54
5021257828815,John,Wilson,43,2023-09-12 03:19:54
1233658516193,Jane,Smith,34,2023-09-12 03:19:54
1233658516193,Jane,Smith,34,2023-09-12 03:19:54
1233658516193,Jane,Smith,34,2023-09-12 03:19:54
6555029292700,John,Wilson,26,2023-09-12 03:19:54
6555029292700,John,Wilson,26,2023-09-12 03:19:54
2769520770196,Jane,Smith,18,2023-09-12 03:19:54
1046494779915,John,Johnson,60,2023-09-12 03:19:54
1046494779915,John,Johnson,60,2023-09-12 03:19:54
0359750901940,Michael,Johnson,36,2023-09-12 03:19:54
0359750901940,Michael,Johnson,36,2023-09-12 03:19:54
1989210691159,Jane,Wilson,49,2023-09-12 03:19:54
3882632176814,William,Wilson,19,2023-09-12 03:19:54
3882632176814,William,Wilson,19,2023-09-12 03:19:54
8860450628042,Jane,Smith,35,2023-09-12 03:19:54
8860450628042,Jane,Smith,35,2023-09-12 03:19:54
4072831204428,Michael,Wilson,26,2023-09-12 03:19:54
3485297338636,Emma,Wilson,45,2023-09-12 03:19:54
3485297338636,Emma,Wilson,45,2023-09-12 03:19:54
8609698027041,William,Smith,37,2023-09-12 03:19:54
8609698027041,William,Smith,37,2023-09-12 03:19:54
7976562815860,William,Johnson,36,2023-09-12 03:19:54
6053435833497,Jane,Brown,37,2023-09-12 03:19:54
6053435833497,Jane,Brown,37,2023-09-12 03:19:54
2500307735382,William,Davis,46,2023-09-12 03:19:54
2500307735382,William,Davis,46,2023-09-12 03:19:54
4643645866149,John,Smith,54,2023-09-12 03:19:54
4643645866149,John,Smith,54,2023-09-12 03:19:54
4643645866149,John,Smith,54,2023-09-12 03:19:54
6899671210596,John,Smith,37,2023-09-12 03:19:54
6899671210596,John,Smith,37,2023-09-12 03:19:54
4013172998904,Jane,Johnson,29,2023-09-12 03:19:54
4013172998904,Jane,Johnson,29,2023-09-12 03:19:54
9345363484581,Michael,Wilson,21,2023-09-12 03:19:54
2467901715359,Emma,Brown,29,2023-09-12 03:19:54
7679302493864,William,Wilson,21,2023-09-12 03:19:54
7679302493864,William,Wilson,21,2023-09-12 03:19:54
9057119647001,Jane,Davis,46,2023-09-12 03:19:54
9057119647001,Jane,Davis,46,2023-09-12 03:19:54
5013139219210,John,Smith,18,2023-09-12 03:19:54
5013139219210,John,Smith,18,2023-09-12 03:19:54
4346475344245,Michael,Smith,37,2023-09-12 03:19:54
6794202698682,John,Wilson,22,2023-09-12 03:19:54
6794202698682,John,Wilson,22,2023-09-12 03:19:54
2006703376970,Jane,Johnson,57,2023-09-12 03:19:54
2006703376970,Jane,Johnson,57,2023-09-12 03:19:54
4149241316967,Jane,Smith,22,2023-09-12 03:19:54
5552585549963,Emma,Davis,40,2023-09-12 03:19:54
5552585549963,Emma,Davis,40,2023-09-12 03:19:54
4519458549790,John,Wilson,39,2023-09-12 03:19:54
5169901237829,John,Smith,53,2023-09-12 03:19:54
5169901237829,John,Smith,53,2023-09-12 03:19:54
1963287255165,Michael,Smith,39,2023-09-12 03:19:54
1963287255165,Michael,Smith,39,2023-09-12 03:19:54
7940285607191,Jane,Wilson,54,2023-09-12 03:19:54
7940285607191,Jane,Wilson,54,2023-09-12 03:19:54
7940285607191,Jane,Wilson,54,2023-09-12 03:19:54
6598042176679,William,Brown,48,2023-09-12 03:19:54
6598042176679,William,Brown,48,2023-09-12 03:19:54
8966851412825,William,Johnson,32,2023-09-12 03:19:54
8966851412825,William,Johnson,32,2023-09-12 03:19:54
7023724311472,Michael,Brown,31,2023-09-12 03:19:54
7023724311472,Michael,Brown,31,2023-09-12 03:19:54
7023724311472,Michael,Brown,31,2023-09-12 03:19:54
6390888139299,William,Brown,32,2023-09-12 03:19:54
8213126479066,John,Smith,38,2023-09-12 03:19:54
6780017361953,John,Davis,50,2023-09-12 03:19:54
5067981180570,Michael,Davis,49,2023-09-12 03:19:54
1128366774537,Michael,Wilson,51,2023-09-12 03:20:07
9718794807292,Emma,Smith,28,2023-09-12 03:20:07
1651122947259,William,Davis,34,2023-09-12 03:20:07
1651122947259,William,Davis,34,2023-09-12 03:20:07
3007958313406,Jane,Brown,18,2023-09-12 03:20:07
3007958313406,Jane,Brown,18,2023-09-12 03:20:07
3007958313406,Jane,Brown,18,2023-09-12 03:20:07
5129486623491,Michael,Smith,26,2023-09-12 03:20:07
5129486623491,Michael,Smith,26,2023-09-12 03:20:07
5129486623491,Michael,Smith,26,2023-09-12 03:20:07
7598295898638,Michael,Wilson,52,2023-09-12 03:20:07
7598295898638,Michael,Wilson,52,2023-09-12 03:20:07
0774231334885,John,Davis,37,2023-09-12 03:20:07
0774231334885,John,Davis,37,2023-09-12 03:20:07
2997569574872,John,Johnson,43,2023-09-12 03:20:07
2997569574872,John,Johnson,43,2023-09-12 03:20:07
2997569574872,John,Johnson,43,2023-09-12 03:20:07
3964433392491,Emma,Brown,44,2023-09-12 03:20:07
3964433392491,Emma,Brown,44,2023-09-12 03:20:07
2577897507507,William,Brown,20,2023-09-12 03:20:07
2577897507507,William,Brown,20,2023-09-12 03:20:07
2577897507507,William,Brown,20,2023-09-12 03:20:07
7554897879535,Emma,Wilson,35,2023-09-12 03:20:07
7554897879535,Emma,Wilson,35,2023-09-12 03:20:07
7554897879535,Emma,Wilson,35,2023-09-12 03:20:07
6866153001731,John,Wilson,53,2023-09-12 03:20:07
6866153001731,John,Wilson,53,2023-09-12 03:20:07
2823161553740,Michael,Johnson,25,2023-09-12 03:20:07
2823161553740,Michael,Johnson,25,2023-09-12 03:20:07
2823161553740,Michael,Johnson,25,2023-09-12 03:20:07
1156408488965,Emma,Johnson,44,2023-09-12 03:20:07
1156408488965,Emma,Johnson,44,2023-09-12 03:20:07
1156408488965,Emma,Johnson,44,2023-09-12 03:20:07
0779862612871,William,Johnson,20,2023-09-12 03:20:07
0779862612871,William,Johnson,20,2023-09-12 03:20:07
9826735610608,William,Johnson,19,2023-09-12 03:20:07
9826735610608,William,Johnson,19,2023-09-12 03:20:07
4048136397006,John,Davis,53,2023-09-12 03:20:07
4048136397006,John,Davis,53,2023-09-12 03:20:07
6171764437073,Jane,Davis,18,2023-09-12 03:20:07
6171764437073,Jane,Davis,18,2023-09-12 03:20:07
6171764437073,Jane,Davis,18,2023-09-12 03:20:07
4492965115461,Michael,Wilson,53,2023-09-12 03:20:07
4492965115461,Michael,Wilson,53,2023-09-12 03:20:07
4492965115461,Michael,Wilson,53,2023-09-12 03:20:07
6661972369828,William,Davis,36,2023-09-12 03:20:07
6661972369828,William,Davis,36,2023-09-12 03:20:07
2882373046213,Jane,Smith,28,2023-09-12 03:20:07
2882373046213,Jane,Smith,28,2023-09-12 03:20:07
4231101512580,Emma,Wilson,56,2023-09-12 03:20:07
4231101512580,Emma,Wilson,56,2023-09-12 03:20:07
4231101512580,Emma,Wilson,56,2023-09-12 03:20:07
0443602298968,William,Smith,47,2023-09-12 03:20:07
0443602298968,William,Smith,47,2023-09-12 03:20:07
0443602298968,William,Smith,47,2023-09-12 03:20:07
2821311445315,William,Smith,30,2023-09-12 03:20:07
2821311445315,William,Smith,30,2023-09-12 03:20:07
7809439997341,Jane,Brown,45,2023-09-12 03:20:07
7809439997341,Jane,Brown,45,2023-09-12 03:20:07
9729777027308,Michael,Wilson,53,2023-09-12 03:20:07
9729777027308,Michael,Wilson,53,2023-09-12 03:20:07
5287649949175,Michael,Brown,22,2023-09-12 03:20:07
5287649949175,Michael,Brown,22,2023-09-12 03:20:07
5287649949175,Michael,Brown,22,2023-09-12 03:20:07
7645677394432,John,Smith,48,2023-09-12 03:20:07
8912541182069,William,Smith,47,2023-09-12 03:20:07
8912541182069,William,Smith,47,2023-09-12 03:20:07
8912541182069,William,Smith,47,2023-09-12 03:20:07
1191379658416,Michael,Wilson,31,2023-09-12 03:20:07
1191379658416,Michael,Wilson,31,2023-09-12 03:20:07
9448223556052,William,Smith,30,2023-09-12 03:20:07
9448223556052,William,Smith,30,2023-09-12 03:20:07
5680624135640,John,Brown,22,2023-09-12 03:20:07
5680624135640,John,Brown,22,2023-09-12 03:20:07
4737587033276,John,Brown,21,2023-09-12 03:20:07
4737587033276,John,Brown,21,2023-09-12 03:20:07
9050988729774,Jane,Wilson,56,2023-09-12 03:20:07
9050988729774,Jane,Wilson,56,2023-09-12 03:20:07
2327717085921,Emma,Davis,41,2023-09-12 03:20:07
2327717085921,Emma,Davis,41,2023-09-12 03:20:07
7640218762519,John,Wilson,32,2023-09-12 03:20:07
7640218762519,John,Wilson,32,2023-09-12 03:20:07
3852699458914,Jane,Johnson,22,2023-09-12 03:20:07
3852699458914,Jane,Johnson,22,2023-09-12 03:20:07
3852699458914,Jane,Johnson,22,2023-09-12 03:20:07
9194090916502,Michael,Brown,57,2023-09-12 03:20:07
9194090916502,Michael,Brown,57,2023-09-12 03:20:07
6308591692898,Emma,Johnson,49,2023-09-12 03:20:07
6308591692898,Emma,Johnson,49,2023-09-12 03:20:07
6308591692898,Emma,Johnson,49,2023-09-12 03:20:07
2519792381495,William,Brown,41,2023-09-12 03:20:07
2519792381495,William,Brown,41,2023-09-12 03:20:07
7831293967883,John,Davis,33,2023-09-12 03:20:07
7831293967883,John,Davis,33,2023-09-12 03:20:07
6654655751030,John,Wilson,57,2023-09-12 03:20:07
8367165322876,Michael,Davis,59,2023-09-12 03:20:07
7344038120403,William,Wilson,58,2023-09-12 03:20:07
7344038120403,William,Wilson,58,2023-09-12 03:20:07
0712767594750,William,Johnson,43,2023-09-12 03:20:07
0712767594750,William,Johnson,43,2023-09-12 03:20:07
5024268272157,John,Davis,33,2023-09-12 03:20:07
5024268272157,John,Davis,33,2023-09-12 03:20:07
4101121071984,Emma,Davis,34,2023-09-12 03:20:07
4101121071984,Emma,Davis,34,2023-09-12 03:20:07
4101121071984,Emma,Davis,34,2023-09-12 03:20:07
0315522767372,William,Brown,26,2023-09-12 03:20:07
0315522767372,William,Brown,26,2023-09-12 03:20:07
4771361103738,Emma,Wilson,51,2023-09-12 03:20:07
9759369575745,John,Johnson,23,2023-09-12 03:20:07
8062605600863,Michael,Johnson,42,2023-09-12 03:20:07
4294106376258,Emma,Wilson,34,2023-09-12 03:20:07
6824669066567,Emma,Davis,47,2023-09-12 03:20:07
6824669066567,Emma,Davis,47,2023-09-12 03:20:07
2964336328003,Michael,Davis,51,2023-09-12 03:20:07
2964336328003,Michael,Davis,51,2023-09-12 03:20:07
2964336328003,Michael,Davis,51,2023-09-12 03:20:07
7195837005699,Emma,Johnson,43,2023-09-12 03:20:07
7195837005699,Emma,Johnson,43,2023-09-12 03:20:07
7195837005699,Emma,Johnson,43,2023-09-12 03:20:07
3419218583986,William,Davis,35,2023-09-12 03:20:07
3419218583986,William,Davis,35,2023-09-12 03:20:07
3419218583986,William,Davis,35,2023-09-12 03:20:07
9621409249584,John,Wilson,27,2023-09-12 03:20:07
1743045589351,Jane,Wilson,35,2023-09-12 03:20:07
1743045589351,Jane,Wilson,35,2023-09-12 03:20:07
1743045589351,Jane,Wilson,35,2023-09-12 03:20:07
1820908308188,John,Smith,34,2023-09-12 03:20:07
7032309086586,Jane,Johnson,26,2023-09-12 03:20:07
3356800562171,Michael,Brown,18,2023-09-12 03:20:07
3356800562171,Michael,Brown,18,2023-09-12 03:20:07
5722639918328,John,Brown,45,2023-09-12 03:20:07
5722639918328,John,Brown,45,2023-09-12 03:20:07
1936010695826,Jane,Davis,35,2023-09-12 03:20:07
1936010695826,Jane,Davis,35,2023-09-12 03:20:07
9767500289173,Jane,Wilson,59,2023-09-12 03:20:07
9767500289173,Jane,Wilson,59,2023-09-12 03:20:07
9767500289173,Jane,Wilson,59,2023-09-12 03:20:07
2469712969809,Emma,Davis,19,2023-09-12 03:20:07
2469712969809,Emma,Davis,19,2023-09-12 03:20:07
4302248199687,William,Johnson,27,2023-09-12 03:20:07
9626549666274,John,Brown,19,2023-09-12 03:20:07
9626549666274,John,Brown,19,2023-09-12 03:20:07
9626549666274,John,Brown,19,2023-09-12 03:20:07
5837940342660,Jane,Johnson,54,2023-09-12 03:20:07
5837940342660,Jane,Johnson,54,2023-09-12 03:20:07
3059441120268,Michael,Brown,45,2023-09-12 03:20:07
3059441120268,Michael,Brown,45,2023-09-12 03:20:07
2662787255174,Emma,Brown,21,2023-09-12 03:20:07
0739650053990,Jane,Davis,20,2023-09-12 03:20:07
0739650053990,Jane,Davis,20,2023-09-12 03:20:07
9716524071549,John,Davis,19,2023-09-12 03:20:07
9716524071549,John,Davis,19,2023-09-12 03:20:07
2165552225996,Emma,Johnson,47,2023-09-12 03:20:07
2165552225996,Emma,Johnson,47,2023-09-12 03:20:07
2165552225996,Emma,Johnson,47,2023-09-12 03:20:07
0442416246512,John,Johnson,46,2023-09-12 03:20:07
3364752576500,Jane,Johnson,54,2023-09-12 03:20:07
3364752576500,Jane,Johnson,54,2023-09-12 03:20:07
8932625278277,Jane,Brown,20,2023-09-12 03:20:07
4144026954852,Michael,Davis,55,2023-09-12 03:20:07
4144026954852,Michael,Davis,55,2023-09-12 03:20:07
4144026954852,Michael,Davis,55,2023-09-12 03:20:07
9367527631260,Emma,Smith,47,2023-09-12 03:20:07
9367527631260,Emma,Smith,47,2023-09-12 03:20:07
7679728129656,William,Davis,39,2023-09-12 03:20:07
7679728129656,William,Davis,39,2023-09-12 03:20:07
7679728129656,William,Davis,39,2023-09-12 03:20:07
3891229805233,John,Smith,30,2023-09-12 03:20:07
3891229805233,John,Smith,30,2023-09-12 03:20:07
8878228357262,Michael,Brown,46,2023-09-12 03:20:07
8878228357262,Michael,Brown,46,2023-09-12 03:20:07
7382584382378,William,Brown,21,2023-09-12 03:20:07
7382584382378,William,Brown,21,2023-09-12 03:20:07
2367582832396,Emma,Wilson,36,2023-09-12 03:20:07
2770938066502,William,Wilson,55,2023-09-12 03:20:07
4049667212759,Michael,Davis,40,2023-09-12 03:20:07
6061293543736,Emma,Davis,48,2023-09-12 03:20:07
6061293543736,Emma,Davis,48,2023-09-12 03:20:07
2273694239122,William,Wilson,38,2023-09-12 03:20:07
2273694239122,William,Wilson,38,2023-09-12 03:20:07
7495995717610,John,Johnson,29,2023-09-12 03:20:07
7495995717610,John,Johnson,29,2023-09-12 03:20:07
5064778628497,Emma,Johnson,41,2023-09-12 03:20:07
5064778628497,Emma,Johnson,41,2023-09-12 03:20:07
4231632628223,Michael,Brown,40,2023-09-12 03:20:07
4231632628223,Michael,Brown,40,2023-09-12 03:20:07
6254278768091,Emma,Brown,48,2023-09-12 03:20:07
5765534890217,William,Brown,24,2023-09-12 03:20:07
5765534890217,William,Brown,24,2023-09-12 03:20:07
4844407890845,Michael,Davis,23,2023-09-12 03:20:07
3901361619562,Jane,Davis,23,2023-09-12 03:20:07
3901361619562,Jane,Davis,23,2023-09-12 03:20:07
8133862375977,Michael,Smith,58,2023-09-12 03:20:07
8133862375977,Michael,Smith,58,2023-09-12 03:20:07
7746108509185,Michael,Smith,32,2023-09-12 03:20:07
7746108509185,Michael,Smith,32,2023-09-12 03:20:07
3968509086561,Emma,Johnson,24,2023-09-12 03:20:07
8271000774179,William,Davis,59,2023-09-12 03:20:07
8271000774179,William,Davis,59,2023-09-12 03:20:07
7258973762605,Emma,Davis,60,2023-09-12 03:20:07
4978379808534,Emma,Johnson,55,2023-09-12 03:20:07
4978379808534,Emma,Johnson,55,2023-09-12 03:20:07
7683700488070,John,Wilson,57,2023-09-12 03:20:07
7683700488070,John,Wilson,57,2023-09-12 03:20:07
6996046613286,Jane,Wilson,33,2023-09-12 03:20:07
6996046613286,Jane,Wilson,33,2023-09-12 03:20:07
5273910431803,William,Smith,34,2023-09-12 03:20:07
5273910431803,William,Smith,34,2023-09-12 03:20:07
4340883439651,Emma,Johnson,33,2023-09-12 03:20:07
4340883439651,Emma,Johnson,33,2023-09-12 03:20:07
3753149564567,John,Johnson,52,2023-09-12 03:20:07
3753149564567,John,Johnson,52,2023-09-12 03:20:07
8975640040145,Jane,Brown,43,2023-09-12 03:20:07
8975640040145,Jane,Brown,43,2023-09-12 03:20:07
4952649602171,Emma,Wilson,58,2023-09-12 03:20:07
9164040180769,William,Smith,50,2023-09-12 03:20:07
9164040180769,William,Smith,50,2023-09-12 03:20:07
8441903188386,Jane,Johnson,49,2023-09-12 03:20:07
6999687091373,Jane,Wilson,18,2023-09-12 03:20:07
6999687091373,Jane,Wilson,18,2023-09-12 03:20:07
1103088777658,Michael,Smith,53,2023-09-12 03:20:07
1103088777658,Michael,Smith,53,2023-09-12 03:20:07
4389016924025,John,Davis,35,2023-09-12 03:20:07
4389016924025,John,Davis,35,2023-09-12 03:20:07
3656980942654,William,Davis,34,2023-09-12 03:20:07
3656980942654,William,Davis,34,2023-09-12 03:20:07
5578316062411,John,Davis,42,2023-09-12 03:20:07
5578316062411,John,Davis,42,2023-09-12 03:20:07
4855289970268,Emma,Wilson,43,2023-09-12 03:20:07
9303053873035,Emma,Smith,53,2023-09-12 03:20:07
8470926691851,John,Smith,52,2023-09-12 03:20:07
4694427359167,Jane,Brown,44,2023-09-12 03:20:07
4694427359167,Jane,Brown,44,2023-09-12 03:20:07
6060256823514,William,Johnson,28,2023-09-12 03:20:07
6060256823514,William,Johnson,28,2023-09-12 03:20:07
7129329622132,Emma,Johnson,27,2023-09-12 03:20:07
7129329622132,Emma,Johnson,27,2023-09-12 03:20:07
2451500300748,William,Davis,19,2023-09-12 03:20:07
5800537774995,Michael,Brown,45,2023-09-12 03:20:07
5800537774995,Michael,Brown,45,2023-09-12 03:20:07
4887492572613,Jane,Johnson,46,2023-09-12 03:20:07
4887492572613,Jane,Johnson,46,2023-09-12 03:20:07
4887492572613,Jane,Johnson,46,2023-09-12 03:20:07
6253229919880,William,Smith,28,2023-09-12 03:20:07
5086792703237,John,Johnson,53,2023-09-12 03:20:07
7789101383854,Jane,Smith,55,2023-09-12 03:20:07
7789101383854,Jane,Smith,55,2023-09-12 03:20:07
3000502969469,Michael,Johnson,47,2023-09-12 03:20:07
3000502969469,Michael,Johnson,47,2023-09-12 03:20:07
5123930100237,Emma,Wilson,55,2023-09-12 03:20:07
4436204334335,John,Wilson,31,2023-09-12 03:20:07
4436204334335,John,Wilson,31,2023-09-12 03:20:07
5503167132981,Michael,Smith,30,2023-09-12 03:20:07
5503167132981,Michael,Smith,30,2023-09-12 03:20:07
7981106599328,Michael,Wilson,55,2023-09-12 03:20:07
7981106599328,Michael,Wilson,55,2023-09-12 03:20:07
3293577265716,Emma,Smith,47,2023-09-12 03:20:07
3293577265716,Emma,Smith,47,2023-09-12 03:20:07
5315933395703,Emma,Smith,55,2023-09-12 03:20:07
5315933395703,Emma,Smith,55,2023-09-12 03:20:07
7584741761948,Jane,Brown,38,2023-09-12 03:20:07
7584741761948,Jane,Brown,38,2023-09-12 03:20:07
9604279891915,Michael,Brown,46,2023-09-12 03:20:07
9604279891915,Michael,Brown,46,2023-09-12 03:20:07
5818770578223,Emma,Wilson,38,2023-09-12 03:20:07
5818770578223,Emma,Wilson,38,2023-09-12 03:20:07
0130971244801,William,Smith,30,2023-09-12 03:20:07
6017979516817,Emma,Wilson,45,2023-09-12 03:20:07
6017979516817,Emma,Wilson,45,2023-09-12 03:20:07
1585871408804,Jane,Smith,56,2023-09-12 03:20:07
1585871408804,Jane,Smith,56,2023-09-12 03:20:07
9897252197282,Michael,Johnson,48,2023-09-12 03:20:07
1275081451539,John,Johnson,31,2023-09-12 03:20:07
1275081451539,John,Johnson,31,2023-09-12 03:20:07
0322944359185,William,Johnson,30,2023-09-12 03:20:07
6564345138761,John,Davis,22,2023-09-12 03:20:07
8912174382938,Emma,Smith,49,2023-09-12 03:20:07
0035710622905,William,Smith,57,2023-09-12 03:20:07
0035710622905,William,Smith,57,2023-09-12 03:20:07
9102675330524,Emma,Smith,56,2023-09-12 03:20:07
5670557233419,Jane,Johnson,23,2023-09-12 03:20:07
0991958911896,Michael,Davis,58,2023-09-12 03:20:07
9978811919423,Michael,Davis,59,2023-09-12 03:20:07
4327650283890,John,Davis,41,2023-09-12 03:20:07
2168013067047,John,Wilson,23,2023-09-12 03:20:07
5852522628863,Michael,Smith,25,2023-09-12 03:20:07
4929495446312,William,Johnson,24,2023-09-12 03:20:07
4929495446312,William,Johnson,24,2023-09-12 03:20:07
9141896134997,John,Wilson,59,2023-09-12 03:20:07
9141896134997,John,Wilson,59,2023-09-12 03:20:07
5473097811385,Jane,Johnson,51,2023-09-12 03:20:07
5473097811385,Jane,Johnson,51,2023-09-12 03:20:07
4632951619132,Jane,Johnson,50,2023-09-12 03:20:07
4632951619132,Jane,Johnson,50,2023-09-12 03:20:07
2719024619750,Emma,Brown,51,2023-09-12 03:20:07
5185853073107,Emma,Wilson,33,2023-09-12 03:20:07
0499334560513,William,Davis,25,2023-09-12 03:20:07
1476207550239,Jane,Johnson,24,2023-09-12 03:20:07
7788698046627,Michael,Smith,59,2023-09-12 03:20:07
7788698046627,Michael,Smith,59,2023-09-12 03:20:07
9146437483094,John,Brown,44,2023-09-12 03:20:07
8213390401610,William,Davis,43,2023-09-12 03:20:07
7490264209449,Michael,Davis,41,2023-09-12 03:20:07
7490264209449,Michael,Davis,41,2023-09-12 03:20:07
2702665985855,Emma,Smith,33,2023-09-12 03:20:07
4625093225812,William,Wilson,41,2023-09-12 03:20:07
7337402806348,John,Davis,44,2023-09-12 03:20:07
2541803384946,Jane,Smith,36,2023-09-12 03:20:07
2541803384946,Jane,Smith,36,2023-09-12 03:20:07
1628766382573,Jane,Smith,35,2023-09-12 03:20:07
2905630181309,Emma,Johnson,35,2023-09-12 03:20:07
2905630181309,Emma,Johnson,35,2023-09-12 03:20:07
4153468557566,Emma,Davis,18,2023-09-12 03:20:07
0385949233054,Michael,Wilson,53,2023-09-12 03:20:07
0385949233054,Michael,Wilson,53,2023-09-12 03:20:07
6507340711461,Emma,Davis,45,2023-09-12 03:20:07
4864204710288,Michael,Davis,44,2023-09-12 03:20:07
4864204710288,Michael,Davis,44,2023-09-12 03:20:07
7032042264435,John,Johnson,29,2023-09-12 03:20:07
7032042264435,John,Johnson,29,2023-09-12 03:20:07
2344433742040,Jane,Wilson,18,2023-09-12 03:20:07
1521307760669,Jane,Davis,19,2023-09-12 03:20:07
1521307760669,Jane,Davis,19,2023-09-12 03:20:07
7835808447155,Michael,Johnson,54,2023-09-12 03:20:07
7835808447155,Michael,Johnson,54,2023-09-12 03:20:07
2056289935562,Emma,Davis,46,2023-09-12 03:20:07
6733134039250,William,Davis,34,2023-09-12 03:20:07
6502981377536,John,Smith,28,2023-09-12 03:20:07
6502981377536,John,Smith,28,2023-09-12 03:20:07
7037873542529,John,Smith,54,2023-09-12 03:20:07
7037873542529,John,Smith,54,2023-09-12 03:20:07
2249274228817,Jane,Brown,46,2023-09-12 03:20:07
2249274228817,Jane,Brown,46,2023-09-12 03:20:07
8461755707424,Michael,Davis,38,2023-09-12 03:20:07
8461755707424,Michael,Davis,38,2023-09-12 03:20:07
0839583251661,Michael,Brown,21,2023-09-12 03:20:07
2852829481639,Emma,Brown,29,2023-09-12 03:20:07
2852829481639,Emma,Brown,29,2023-09-12 03:20:07
4974455521426,Emma,Smith,37,2023-09-12 03:20:07
4974455521426,Emma,Smith,37,2023-09-12 03:20:07
0442259414381,Jane,Johnson,46,2023-09-12 03:20:07
4818067880538,Jane,Smith,31,2023-09-12 03:20:07
4818067880538,Jane,Smith,31,2023-09-12 03:20:07
6344959154521,Emma,Smith,58,2023-09-12 03:20:07
8266395385599,William,Davis,21,2023-09-12 03:20:07
8266395385599,William,Davis,21,2023-09-12 03:20:07
0633224639756,Michael,Brown,49,2023-09-12 03:20:07
0633224639756,Michael,Brown,49,2023-09-12 03:20:07
6846525317243,Emma,Wilson,40,2023-09-12 03:20:07
6846525317243,Emma,Wilson,40,2023-09-12 03:20:07
6846525317243,Emma,Wilson,40,2023-09-12 03:20:07
4923488215870,John,Wilson,39,2023-09-12 03:20:07
7370407580237,John,Johnson,22,2023-09-12 03:20:07
7370407580237,John,Johnson,22,2023-09-12 03:20:07
7370407580237,John,Johnson,22,2023-09-12 03:20:07
6459360580865,Michael,Brown,23,2023-09-12 03:20:07
6459360580865,Michael,Brown,23,2023-09-12 03:20:07
5960636612071,William,Brown,42,2023-09-12 03:20:07
9982262742859,William,Brown,50,2023-09-12 03:20:07
7669052100826,Emma,Davis,54,2023-09-12 03:20:07
7572492875591,John,Davis,24,2023-09-12 03:20:07
2550290227719,Michael,Wilson,39,2023-09-12 03:20:07
2550290227719,Michael,Wilson,39,2023-09-12 03:20:07
1863736352725,William,Smith,58,2023-09-12 03:20:07
7175037048333,John,Johnson,50,2023-09-12 03:20:07
7175037048333,John,Johnson,50,2023-09-12 03:20:07
2397438626711,Jane,Brown,42,2023-09-12 03:20:07
1664302544547,Emma,Davis,41,2023-09-12 03:20:07
1664302544547,Emma,Davis,41,2023-09-12 03:20:07
3042330089604,Emma,Brown,25,2023-09-12 03:20:07
6291149235051,Jane,Smith,51,2023-09-12 03:20:07
6291149235051,Jane,Smith,51,2023-09-12 03:20:07
7568012253687,John,Smith,50,2023-09-12 03:20:07
2789413939285,Jane,Wilson,42,2023-09-12 03:20:07
2789413939285,Jane,Wilson,42,2023-09-12 03:20:07
7070878416409,John,Johnson,35,2023-09-12 03:20:07
7070878416409,John,Johnson,35,2023-09-12 03:20:07
2382279102705,Jane,Brown,24,2023-09-12 03:20:07
2382279102705,Jane,Brown,24,2023-09-12 03:20:07
8524470680393,Michael,Davis,59,2023-09-12 03:20:07
8524470680393,Michael,Davis,59,2023-09-12 03:20:07
3737971367788,Emma,Brown,51,2023-09-12 03:20:07
9059342135386,William,Davis,43,2023-09-12 03:20:07
9059342135386,William,Davis,43,2023-09-12 03:20:07
9059342135386,William,Davis,43,2023-09-12 03:20:07
5261843611774,John,Smith,35,2023-09-12 03:20:07
3348716639300,Michael,Smith,34,2023-09-12 03:20:07
4627680338047,Michael,Johnson,35,2023-09-12 03:20:07
7873318894294,William,Smith,60,2023-09-12 03:20:07
7873318894294,William,Smith,60,2023-09-12 03:20:07
5050472892022,William,Wilson,59,2023-09-12 03:20:07
4463828926048,John,Wilson,35,2023-09-12 03:20:07
3531781725875,Emma,Wilson,36,2023-09-12 03:20:07
2898655743401,Michael,Smith,35,2023-09-12 03:20:07
2898655743401,Michael,Smith,35,2023-09-12 03:20:07
8021056221909,Emma,Johnson,27,2023-09-12 03:20:07
8021056221909,Emma,Johnson,27,2023-09-12 03:20:07
7434312434915,Michael,Brown,45,2023-09-12 03:20:07
7434312434915,Michael,Brown,45,2023-09-12 03:20:07
2656813122593,William,Smith,37,2023-09-12 03:20:07
2656813122593,William,Smith,37,2023-09-12 03:20:07
4779149152380,William,Davis,45,2023-09-12 03:20:07
4779149152380,William,Davis,45,2023-09-12 03:20:07
5846012170117,William,Davis,44,2023-09-12 03:20:07
5846012170117,William,Davis,44,2023-09-12 03:20:07
8202021624353,Jane,Davis,27,2023-09-12 03:20:07
3280829977582,John,Smith,44,2023-09-12 03:20:07
9491320655977,Michael,Johnson,36,2023-09-12 03:20:07
1106751235614,Emma,Smith,38,2023-09-12 03:20:07
7338932712001,William,Johnson,28,2023-09-12 03:20:07
7338932712001,William,Johnson,28,2023-09-12 03:20:07
5495806710838,Michael,Brown,29,2023-09-12 03:20:07
5495806710838,Michael,Brown,29,2023-09-12 03:20:07
1608397498236,Emma,Davis,21,2023-09-12 03:20:07
1608397498236,Emma,Davis,21,2023-09-12 03:20:07
3085335762582,Jane,Brown,47,2023-09-12 03:20:07
3085335762582,Jane,Brown,47,2023-09-12 03:20:07
5907661903350,Jane,Smith,55,2023-09-12 03:20:07
5907661903350,Jane,Smith,55,2023-09-12 03:20:07
6274535701196,Jane,Johnson,54,2023-09-12 03:20:07
9443563147343,Emma,Smith,38,2023-09-12 03:20:07
8066807371559,John,Smith,57,2023-09-12 03:20:07
3941628644577,William,Brown,29,2023-09-12 03:20:07
3941628644577,William,Brown,29,2023-09-12 03:20:07
2355274876683,John,Brown,48,2023-09-12 03:20:07
1402137874212,Emma,Davis,47,2023-09-12 03:20:07
1402137874212,Emma,Davis,47,2023-09-12 03:20:07
1402137874212,Emma,Davis,47,2023-09-12 03:20:07
0915401009438,William,Davis,22,2023-09-12 03:20:07
0915401009438,William,Davis,22,2023-09-12 03:20:07
6256872597826,John,Wilson,57,2023-09-12 03:20:07
6256872597826,John,Wilson,57,2023-09-12 03:20:07
6256872597826,John,Wilson,57,2023-09-12 03:20:07
6256872597826,John,Wilson,57,2023-09-12 03:20:07
1460173273401,Jane,Johnson,49,2023-09-12 03:20:07
1460173273401,Jane,Johnson,49,2023-09-12 03:20:07
1460173273401,Jane,Johnson,49,2023-09-12 03:20:07
0527047271958,William,Johnson,48,2023-09-12 03:20:07
1604112999786,Emma,Brown,49,2023-09-12 03:20:07
1604112999786,Emma,Brown,49,2023-09-12 03:20:07
3073949436923,Jane,Johnson,32,2023-09-12 03:20:07
3073949436923,Jane,Johnson,32,2023-09-12 03:20:07
9284340122539,Michael,Davis,23,2023-09-12 03:20:07
4260340474547,Jane,Smith,38,2023-09-12 03:20:07
4260340474547,Jane,Smith,38,2023-09-12 03:20:07
0710012387504,William,Johnson,50,2023-09-12 03:20:07
0710012387504,William,Johnson,50,2023-09-12 03:20:07
0710012387504,William,Johnson,50,2023-09-12 03:20:07
5932413053810,John,Wilson,42,2023-09-12 03:20:07
5932413053810,John,Wilson,42,2023-09-12 03:20:07
5932413053810,John,Wilson,42,2023-09-12 03:20:07
1263914531208,Jane,Smith,32,2023-09-12 03:20:07
1263914531208,Jane,Smith,32,2023-09-12 03:20:07
1263914531208,Jane,Smith,32,2023-09-12 03:20:07
0420887559024,John,Johnson,33,2023-09-12 03:20:07
0420887559024,John,Johnson,33,2023-09-12 03:20:07
5754288236432,Jane,Brown,24,2023-09-12 03:20:07
5754288236432,Jane,Brown,24,2023-09-12 03:20:07
5754288236432,Jane,Brown,24,2023-09-12 03:20:07
1976679714028,Emma,Wilson,59,2023-09-12 03:20:07
1976679714028,Emma,Wilson,59,2023-09-12 03:20:07
1976679714028,Emma,Wilson,59,2023-09-12 03:20:07
5124498268264,John,Davis,42,2023-09-12 03:20:07
5124498268264,John,Davis,42,2023-09-12 03:20:07
5124498268264,John,Davis,42,2023-09-12 03:20:07
7267844208252,Jane,Davis,50,2023-09-12 03:20:07
7267844208252,Jane,Davis,50,2023-09-12 03:20:07
0613852745309,William,Smith,33,2023-09-12 03:20:07
0613852745309,William,Smith,33,2023-09-12 03:20:07
9790726763127,Emma,Johnson,34,2023-09-12 03:20:07
9790726763127,Emma,Johnson,34,2023-09-12 03:20:07
1169554119392,Jane,Smith,59,2023-09-12 03:20:07
1169554119392,Jane,Smith,59,2023-09-12 03:20:07
1169554119392,Jane,Smith,59,2023-09-12 03:20:07
0226518917121,John,Johnson,58,2023-09-12 03:20:07
0226518917121,John,Johnson,58,2023-09-12 03:20:07
0226518917121,John,Johnson,58,2023-09-12 03:20:07
2694346372387,Emma,Davis,43,2023-09-12 03:20:07
8816827060873,William,Wilson,35,2023-09-12 03:20:07
8816827060873,William,Wilson,35,2023-09-12 03:20:07
0728163190630,John,Wilson,43,2023-09-12 03:20:07
0728163190630,John,Wilson,43,2023-09-12 03:20:07
2105192544007,John,Davis,26,2023-09-12 03:20:07
2105192544007,John,Davis,26,2023-09-12 03:20:07
0418493023495,Jane,Smith,18,2023-09-12 03:20:07
0418493023495,Jane,Smith,18,2023-09-12 03:20:07
5630894809073,John,Johnson,52,2023-09-12 03:20:07
1942285595488,Jane,Davis,44,2023-09-12 03:20:07
3310003932735,John,Brown,27,2023-09-12 03:20:07
3310003932735,John,Brown,27,2023-09-12 03:20:07
9298022284733,Emma,Wilson,42,2023-09-12 03:20:07
9298022284733,Emma,Wilson,42,2023-09-12 03:20:07
8601468428969,William,Wilson,18,2023-09-12 03:20:07
8601468428969,William,Wilson,18,2023-09-12 03:20:07
3823869904357,John,Smith,53,2023-09-12 03:20:07
3823869904357,John,Smith,53,2023-09-12 03:20:07
3823869904357,John,Smith,53,2023-09-12 03:20:07
5299897471794,John,Smith,37,2023-09-12 03:20:07
5299897471794,John,Smith,37,2023-09-12 03:20:07
4378761369340,Michael,Smith,36,2023-09-12 03:20:07
